record_id,timestamp,state,district,highway_code,segment_name,terrain_type,elevation_m,slope_angle_deg,road_quality_index,drainage_capacity_index,historical_landslide_freq,rainfall_24h_mm,cumulative_rainfall_7d_mm,soil_moisture_pct,temperature_c,humidity_pct,visibility_m,wind_speed_kmh,seismic_magnitude_usgs,heavy_vehicle_volume_per_hr,disruption_occurred,disruption_type,risk_score,delay_minutes,accessibility_status
REC-00001,2025-04-26 23:17:00,Meghalaya,East Khasi Hills (Shillong),NH-6,Umiam - Mawlai - Shillong Peak Bypass,Highland Plateau,1372,31,69,46,6,25.4,49.4,68.2,16.7,71,2335,15,3.1,189,0,Clear,41,0,Open
REC-00002,2026-06-07 10:17:00,Arunachal Pradesh,Tawang & West Kameng,NH-13,"Bhalukpong - Bomdila - Sela Pass (4,170m)",Eastern Himalayan Alpine,3139,45,53,36,8,124.0,367.8,90.7,13.6,86,1511,5,0.0,5,1,Mudflow,77,670,Blocked
REC-00003,2025-06-11 01:42:00,Arunachal Pradesh,Papum Pare (Itanagar),NH-415,Holongi - Itanagar - Naharlagun Arterial,Sub-Himalayan Foothills,331,23,62,52,5,70.1,192.0,90.2,33.3,88,6777,17,0.0,167,0,Clear,51,7,Open
REC-00004,2026-07-18 12:17:00,Arunachal Pradesh,Tawang & West Kameng,NH-13,"Bhalukpong - Bomdila - Sela Pass (4,170m)",Eastern Himalayan Alpine,2860,37,63,41,8,92.7,506.9,73.9,13.7,80,1325,8,0.0,101,1,Rockfall,62,114,Caution
REC-00005,2026-05-11 20:29:00,Tripura,West Tripura (Agartala),NH-8,Churaibari Gate - Teliamura - Agartala Arterial,Tripura Plain / Low Hillocks,15,5,78,61,3,33.5,95.2,66.4,27.3,52,6730,19,0.0,324,0,Clear,28,13,Open
REC-00006,2026-04-30 12:38:00,Assam,Dima Hasao (Haflong),NH-27,Haflong Hill Section - Jatinga Valley,Rugged Mountain Range,967,37,54,30,9,47.3,151.1,30.0,19.0,66,9597,2,0.0,126,0,Clear,44,0,Open
REC-00007,2026-08-26 05:32:00,Manipur,Noney & Tamenglong,NH-37,Noney Tupul - Makru Bridge Mountain Link,Steep Hillside Chokepoint,897,45,46,25,9,142.6,484.2,71.4,29.6,80,9637,31,0.0,80,1,Flash Flood,79,665,Blocked
REC-00008,2025-12-02 01:15:00,Mizoram,Aizawl & Kolasib,NH-306,Vairengte Gateway - Hunthar Slope - Aizawl,North-South Structural Ridge,1185,42,70,37,8,0.0,0.0,41.1,12.1,66,2860,20,0.0,169,0,Clear,29,6,Open
REC-00009,2026-05-14 21:41:00,Mizoram,Aizawl & Kolasib,NH-306,Vairengte Gateway - Hunthar Slope - Aizawl,North-South Structural Ridge,1132,37,64,38,8,33.0,76.7,73.3,21.8,64,4408,15,4.6,140,1,Landslide,50,443,Blocked
REC-00010,2026-01-11 21:31:00,Manipur,Imphal West (Imphal),NH-102,Imphal - Thoubal - Moreh Trans-Asian Highway,Manipur Central Valley,810,6,74,55,3,0.5,1.0,24.8,13.1,49,7862,17,0.0,18,0,Clear,11,3,Open
REC-00011,2026-05-18 23:21:00,Assam,Cachar (Silchar),NH-37 / NH-6,Silchar - Badarpur - Kalain Pass,Barak Valley Floodplain,34,13,73,63,4,28.8,59.6,53.1,28.3,65,2035,2,0.0,161,0,Clear,29,7,Open
REC-00012,2026-05-22 15:30:00,Arunachal Pradesh,Tawang & West Kameng,NH-13,"Bhalukpong - Bomdila - Sela Pass (4,170m)",Eastern Himalayan Alpine,2534,53,59,32,8,0.0,0.0,55.8,9.1,74,8254,27,0.0,88,0,Clear,33,15,Open
REC-00013,2025-10-12 09:13:00,Meghalaya,East Jaintia Hills (Sonapur),NH-6,Sonapur Tunnel - Lukha River Gorge Lifeline,Severe Mudslide Karst Chokepoint,978,49,54,23,10,0.0,0.0,19.0,6.8,49,3379,13,4.0,133,0,Clear,42,12,Open
REC-00014,2025-12-09 18:38:00,Meghalaya,East Khasi Hills (Shillong),NH-6,Umiam - Mawlai - Shillong Peak Bypass,Highland Plateau,1512,37,79,57,6,0.3,0.5,27.0,7.4,50,205,19,0.0,79,1,Minor Slump & Slippage,26,36,Caution
REC-00015,2026-10-03 06:32:00,Assam,Dima Hasao (Haflong),NH-27,Haflong Hill Section - Jatinga Valley,Rugged Mountain Range,929,39,57,42,9,0.0,0.0,50.1,13.9,38,9466,3,4.9,92,1,Landslide,40,239,Blocked
REC-00016,2025-09-07 08:18:00,Meghalaya,East Khasi Hills (Shillong),NH-6,Umiam - Mawlai - Shillong Peak Bypass,Highland Plateau,1453,23,75,58,6,8.4,26.1,72.3,22.9,83,1632,21,0.0,154,0,Clear,27,14,Open
REC-00017,2025-04-10 03:04:00,Sikkim,Gangtok & Mangan,NH-10,Rangpo Border - 29th Mile Teesta Gorge - Gangtok,Teesta River Canyon Chokepoint,1773,50,54,14,10,10.2,31.9,56.9,12.0,65,1485,11,0.0,206,0,Clear,36,6,Open
REC-00018,2025-07-15 11:49:00,Manipur,Imphal West (Imphal),NH-102,Imphal - Thoubal - Moreh Trans-Asian Highway,Manipur Central Valley,642,14,78,44,3,0.0,0.0,74.5,29.3,87,3700,15,0.0,110,0,Clear,22,7,Open
REC-00019,2025-09-11 22:06:00,Manipur,Noney & Tamenglong,NH-37,Noney Tupul - Makru Bridge Mountain Link,Steep Hillside Chokepoint,1034,50,49,25,9,0.0,0.0,92.9,22.6,90,4528,26,0.0,87,0,Clear,44,8,Open
REC-00020,2026-09-04 12:43:00,Nagaland,Kohima & Dimapur,NH-29,Dimapur Bypass - Pagla Pahar - Kohima Ridge,Active Tectonic Sinking Zone,1647,44,46,33,9,120.4,640.3,80.5,27.1,99,5149,24,0.0,139,1,Mudflow,76,494,Blocked
REC-00021,2025-05-16 22:27:00,Manipur,Noney & Tamenglong,NH-37,Noney Tupul - Makru Bridge Mountain Link,Steep Hillside Chokepoint,955,35,48,26,9,23.8,42.9,76.7,18.7,65,1946,7,0.0,193,0,Clear,40,9,Open
REC-00022,2026-05-24 10:25:00,Mizoram,Aizawl & Kolasib,NH-306,Vairengte Gateway - Hunthar Slope - Aizawl,North-South Structural Ridge,1055,35,68,40,8,14.6,30.2,42.0,17.6,66,5730,2,0.0,183,0,Clear,30,14,Open
REC-00023,2025-11-05 16:30:00,Sikkim,Pakyong (Airport Corridor),NH-717A,Rorathang - Pakyong Multi-Modal Link,Hill Slope Terraces,1192,33,73,36,7,0.0,0.0,29.5,13.9,53,6291,30,0.0,201,0,Clear,25,15,Open
REC-00024,2026-07-11 13:56:00,Assam,Dima Hasao (Haflong),NH-27,Haflong Hill Section - Jatinga Valley,Rugged Mountain Range,902,38,53,43,9,76.1,334.0,87.3,26.0,99,2546,13,0.0,141,1,Rockfall,60,91,Caution
REC-00025,2025-08-15 14:42:00,Sikkim,Pakyong (Airport Corridor),NH-717A,Rorathang - Pakyong Multi-Modal Link,Hill Slope Terraces,1233,38,59,39,7,8.5,29.3,79.5,19.1,88,7791,18,0.0,53,0,Clear,37,8,Open
REC-00026,2025-12-01 08:28:00,Tripura,West Tripura (Agartala),NH-8,Churaibari Gate - Teliamura - Agartala Arterial,Tripura Plain / Low Hillocks,16,11,79,57,3,1.1,1.4,42.5,19.3,48,4305,21,0.0,144,0,Clear,8,0,Open
REC-00027,2026-08-02 00:22:00,Nagaland,Mokokchung,NH-702,Amguri - Tuli - Mokokchung Industrial Corridor,Hilly Ridge Crest,1392,23,56,53,5,111.9,380.0,65.8,22.5,98,4413,2,0.0,110,1,Severe Waterlogging,61,87,Caution
REC-00028,2025-08-09 19:34:00,Sikkim,Pakyong (Airport Corridor),NH-717A,Rorathang - Pakyong Multi-Modal Link,Hill Slope Terraces,1376,37,73,34,7,109.4,458.7,83.7,25.2,99,1623,13,0.0,173,1,Rockfall,66,80,Caution
REC-00029,2025-04-20 23:34:00,Tripura,West Tripura (Agartala),NH-8,Churaibari Gate - Teliamura - Agartala Arterial,Tripura Plain / Low Hillocks,17,14,83,60,3,85.5,160.1,70.2,26.5,69,4851,14,0.0,154,0,Clear,42,6,Open
REC-00030,2025-12-19 11:10:00,Sikkim,Pakyong (Airport Corridor),NH-717A,Rorathang - Pakyong Multi-Modal Link,Hill Slope Terraces,1398,37,62,38,7,0.0,0.0,31.6,3.9,34,6949,5,0.0,114,0,Clear,23,3,Open
REC-00031,2025-08-02 18:50:00,Mizoram,Aizawl & Kolasib,NH-306,Vairengte Gateway - Hunthar Slope - Aizawl,North-South Structural Ridge,1186,40,53,41,8,118.7,532.3,85.1,24.5,98,8831,30,0.0,214,1,Rockfall,67,129,Caution
REC-00032,2026-07-21 13:52:00,Tripura,West Tripura (Agartala),NH-8,Churaibari Gate - Teliamura - Agartala Arterial,Tripura Plain / Low Hillocks,15,8,73,56,3,93.9,440.7,79.7,33.3,99,8413,9,0.0,93,0,Clear,49,15,Open
REC-00033,2026-03-30 08:21:00,Arunachal Pradesh,Papum Pare (Itanagar),NH-415,Holongi - Itanagar - Naharlagun Arterial,Sub-Himalayan Foothills,303,23,61,48,5,0.0,0.0,44.3,16.2,44,9896,22,0.0,88,0,Clear,22,2,Open
REC-00034,2025-11-13 12:44:00,Mizoram,Aizawl & Kolasib,NH-306,Vairengte Gateway - Hunthar Slope - Aizawl,North-South Structural Ridge,1246,35,51,40,8,3.6,4.9,26.3,8.3,51,99,21,0.0,130,0,Dense Fog Blockage,26,72,Open
REC-00035,2026-01-09 23:37:00,Tripura,West Tripura (Agartala),NH-8,Churaibari Gate - Teliamura - Agartala Arterial,Tripura Plain / Low Hillocks,15,12,72,71,3,0.0,0.0,34.1,18.1,60,5294,15,2.7,82,0,Clear,14,3,Open
REC-00036,2026-01-17 15:30:00,Assam,Kamrup Metropolitan (Guwahati),NH-27,Guwahati - Saraighat - Rangia Corridor,Valley River Basin,46,9,85,53,2,0.0,0.0,57.6,16.9,64,1678,15,0.0,174,0,Clear,15,13,Open
REC-00037,2026-09-18 12:28:00,Manipur,Imphal West (Imphal),NH-102,Imphal - Thoubal - Moreh Trans-Asian Highway,Manipur Central Valley,821,23,65,48,3,96.7,412.5,77.4,29.0,78,2425,19,0.0,106,0,Clear,56,0,Open
REC-00038,2026-07-06 22:38:00,Sikkim,Gangtok & Mangan,NH-10,Rangpo Border - 29th Mile Teesta Gorge - Gangtok,Teesta River Canyon Chokepoint,1596,57,52,14,10,80.8,315.9,90.1,23.3,89,5134,16,0.0,57,1,Rockfall,69,225,Caution
REC-00039,2025-12-29 04:04:00,Meghalaya,East Jaintia Hills (Sonapur),NH-6,Sonapur Tunnel - Lukha River Gorge Lifeline,Severe Mudslide Karst Chokepoint,815,49,50,25,10,5.2,8.3,45.1,11.9,30,5260,21,0.0,95,0,Clear,39,10,Open
REC-00040,2025-04-27 02:14:00,Manipur,Noney & Tamenglong,NH-37,Noney Tupul - Makru Bridge Mountain Link,Steep Hillside Chokepoint,886,40,51,26,9,71.2,185.5,53.2,18.5,95,1459,14,0.0,82,1,Rockfall,56,83,Caution
REC-00041,2026-03-23 13:21:00,Tripura,West Tripura (Agartala),NH-8,Churaibari Gate - Teliamura - Agartala Arterial,Tripura Plain / Low Hillocks,16,4,82,58,3,0.0,0.0,34.8,18.0,61,7361,17,0.0,50,0,Clear,13,0,Open
REC-00042,2026-05-29 01:12:00,Sikkim,Pakyong (Airport Corridor),NH-717A,Rorathang - Pakyong Multi-Modal Link,Hill Slope Terraces,1317,35,71,37,7,20.3,51.3,47.4,17.3,62,5519,18,0.0,110,0,Clear,32,7,Open
REC-00043,2026-02-13 17:00:00,Arunachal Pradesh,Tawang & West Kameng,NH-13,"Bhalukpong - Bomdila - Sela Pass (4,170m)",Eastern Himalayan Alpine,2929,45,52,42,8,0.0,0.0,57.1,0.4,53,9137,5,0.0,60,0,Clear,35,4,Open
REC-00044,2025-10-13 19:32:00,Nagaland,Mokokchung,NH-702,Amguri - Tuli - Mokokchung Industrial Corridor,Hilly Ridge Crest,1383,25,67,54,5,0.0,0.0,50.6,9.5,63,842,7,0.0,96,0,Clear,23,4,Open
REC-00045,2026-10-04 15:22:00,Sikkim,Pakyong (Airport Corridor),NH-717A,Rorathang - Pakyong Multi-Modal Link,Hill Slope Terraces,1557,26,59,31,7,0.0,0.0,18.3,8.1,74,7530,21,4.7,89,0,Clear,31,4,Open
REC-00046,2025-05-08 04:32:00,Tripura,West Tripura (Agartala),NH-8,Churaibari Gate - Teliamura - Agartala Arterial,Tripura Plain / Low Hillocks,15,10,80,47,3,46.9,91.0,57.1,25.7,75,3161,4,0.0,166,0,Clear,24,2,Open
REC-00047,2026-09-29 12:20:00,Mizoram,Lunglei,NH-54,Thenzawl - Lunglei Southern Lifeline,Rugged Mountain Escarpment,1090,32,63,36,6,123.7,541.9,90.8,25.3,81,5508,26,0.0,118,1,Severe Waterlogging,71,158,Caution
REC-00048,2026-02-01 00:02:00,Arunachal Pradesh,Tawang & West Kameng,NH-13,"Bhalukpong - Bomdila - Sela Pass (4,170m)",Eastern Himalayan Alpine,3057,49,60,37,8,0.0,0.0,28.3,-2.5,64,196,9,0.0,87,1,Minor Slump & Slippage,31,46,Caution
REC-00049,2025-12-18 21:00:00,Sikkim,Pakyong (Airport Corridor),NH-717A,Rorathang - Pakyong Multi-Modal Link,Hill Slope Terraces,1582,39,66,58,7,0.0,0.0,32.1,9.8,69,4897,13,0.0,45,0,Clear,26,12,Open
REC-00050,2026-01-28 22:18:00,Nagaland,Kohima & Dimapur,NH-29,Dimapur Bypass - Pagla Pahar - Kohima Ridge,Active Tectonic Sinking Zone,1499,29,52,40,9,5.9,8.2,55.0,11.8,56,5489,6,0.0,133,0,Clear,33,8,Open
REC-00051,2025-07-09 20:41:00,Meghalaya,East Jaintia Hills (Sonapur),NH-6,Sonapur Tunnel - Lukha River Gorge Lifeline,Severe Mudslide Karst Chokepoint,918,50,43,31,10,141.9,369.0,86.3,24.8,85,7607,15,0.0,148,1,Flash Flood,86,371,Blocked
REC-00052,2026-01-28 23:55:00,Tripura,West Tripura (Agartala),NH-8,Churaibari Gate - Teliamura - Agartala Arterial,Tripura Plain / Low Hillocks,15,17,77,60,3,0.0,0.0,25.3,16.9,61,7311,28,0.0,97,0,Clear,10,8,Open
REC-00053,2026-04-16 03:43:00,Nagaland,Mokokchung,NH-702,Amguri - Tuli - Mokokchung Industrial Corridor,Hilly Ridge Crest,1106,24,69,52,5,18.7,39.8,90.0,19.0,75,8406,16,0.0,100,0,Clear,38,9,Open
REC-00054,2025-07-28 03:15:00,Tripura,West Tripura (Agartala),NH-8,Churaibari Gate - Teliamura - Agartala Arterial,Tripura Plain / Low Hillocks,15,13,70,51,3,83.5,322.4,78.5,31.0,81,3331,22,0.0,62,0,Clear,46,6,Open
REC-00055,2026-06-30 07:54:00,Sikkim,Pakyong (Airport Corridor),NH-717A,Rorathang - Pakyong Multi-Modal Link,Hill Slope Terraces,1476,31,66,38,7,132.7,476.1,91.5,24.3,87,2801,16,0.0,131,1,Severe Waterlogging,74,57,Caution
REC-00056,2025-12-06 04:50:00,Mizoram,Lunglei,NH-54,Thenzawl - Lunglei Southern Lifeline,Rugged Mountain Escarpment,1263,41,49,40,6,0.0,0.0,35.6,9.1,46,846,17,0.0,296,0,Clear,27,3,Open
REC-00057,2025-08-13 00:22:00,Assam,Kamrup Metropolitan (Guwahati),NH-27,Guwahati - Saraighat - Rangia Corridor,Valley River Basin,56,7,85,69,2,73.2,254.1,74.9,28.6,89,1841,2,0.0,135,0,Clear,39,9,Open
REC-00058,2025-05-02 01:30:00,Sikkim,Pakyong (Airport Corridor),NH-717A,Rorathang - Pakyong Multi-Modal Link,Hill Slope Terraces,1322,30,57,35,7,22.5,67.2,53.6,19.2,74,3230,9,3.3,69,0,Clear,48,9,Open
REC-00059,2026-08-31 19:27:00,Sikkim,Pakyong (Airport Corridor),NH-717A,Rorathang - Pakyong Multi-Modal Link,Hill Slope Terraces,1199,34,69,33,7,121.8,616.1,91.1,22.5,80,8198,20,0.0,79,0,Severe Waterlogging,68,84,Open
REC-00060,2025-06-08 02:53:00,Tripura,West Tripura (Agartala),NH-8,Churaibari Gate - Teliamura - Agartala Arterial,Tripura Plain / Low Hillocks,15,11,82,65,3,101.0,278.4,67.0,37.7,93,6200,21,0.0,16,0,Clear,44,1,Open
REC-00061,2026-02-14 11:06:00,Mizoram,Aizawl & Kolasib,NH-306,Vairengte Gateway - Hunthar Slope - Aizawl,North-South Structural Ridge,1268,40,54,36,8,0.0,0.0,31.1,6.9,47,7830,24,0.0,229,0,Clear,26,0,Open
REC-00062,2025-04-30 05:17:00,Manipur,Noney & Tamenglong,NH-37,Noney Tupul - Makru Bridge Mountain Link,Steep Hillside Chokepoint,986,38,49,25,9,18.7,42.6,47.7,18.6,95,3124,12,0.0,5,0,Clear,35,9,Open
REC-00063,2025-06-26 01:09:00,Mizoram,Lunglei,NH-54,Thenzawl - Lunglei Southern Lifeline,Rugged Mountain Escarpment,1202,39,63,41,6,72.6,215.8,70.9,21.5,79,5275,14,0.0,64,1,Rockfall,55,194,Caution
REC-00064,2025-05-17 07:25:00,Mizoram,Aizawl & Kolasib,NH-306,Vairengte Gateway - Hunthar Slope - Aizawl,North-South Structural Ridge,1079,36,65,32,8,33.4,69.7,59.5,16.9,91,2765,27,0.0,124,0,Clear,34,11,Open
REC-00065,2026-05-12 23:02:00,Assam,Dima Hasao (Haflong),NH-27,Haflong Hill Section - Jatinga Valley,Rugged Mountain Range,928,41,57,35,9,24.9,60.0,54.2,17.0,73,5543,20,0.0,172,0,Clear,36,11,Open
REC-00066,2026-06-22 03:15:00,Assam,Dima Hasao (Haflong),NH-27,Haflong Hill Section - Jatinga Valley,Rugged Mountain Range,867,39,52,38,9,23.1,63.2,86.0,30.6,97,2051,10,0.0,118,0,Clear,43,4,Open
REC-00067,2025-07-15 04:16:00,Manipur,Imphal West (Imphal),NH-102,Imphal - Thoubal - Moreh Trans-Asian Highway,Manipur Central Valley,764,11,72,45,3,0.0,0.0,68.5,27.5,79,8154,4,0.0,183,0,Clear,18,10,Open
REC-00068,2026-06-25 02:30:00,Meghalaya,East Jaintia Hills (Sonapur),NH-6,Sonapur Tunnel - Lukha River Gorge Lifeline,Severe Mudslide Karst Chokepoint,919,46,44,27,10,29.3,97.4,85.0,28.6,96,1732,9,0.0,156,0,Clear,48,1,Open
REC-00069,2025-10-10 10:38:00,Sikkim,Pakyong (Airport Corridor),NH-717A,Rorathang - Pakyong Multi-Modal Link,Hill Slope Terraces,1369,37,67,35,7,0.0,0.0,29.5,7.7,60,2181,9,0.0,118,0,Clear,24,11,Open
REC-00070,2026-05-02 13:49:00,Mizoram,Aizawl & Kolasib,NH-306,Vairengte Gateway - Hunthar Slope - Aizawl,North-South Structural Ridge,1111,34,57,27,8,22.9,52.1,38.4,21.9,59,5455,20,0.0,212,0,Clear,33,2,Open
REC-00071,2026-03-25 09:41:00,Meghalaya,East Jaintia Hills (Sonapur),NH-6,Sonapur Tunnel - Lukha River Gorge Lifeline,Severe Mudslide Karst Chokepoint,864,51,49,19,10,0.0,0.0,15.5,13.6,39,9424,2,0.0,85,0,Clear,33,6,Open
REC-00072,2026-08-11 06:14:00,Mizoram,Lunglei,NH-54,Thenzawl - Lunglei Southern Lifeline,Rugged Mountain Escarpment,1108,27,61,45,6,91.1,308.6,82.0,23.8,90,9426,21,0.0,132,1,Severe Waterlogging,59,87,Caution
REC-00073,2025-05-15 13:23:00,Sikkim,Pakyong (Airport Corridor),NH-717A,Rorathang - Pakyong Multi-Modal Link,Hill Slope Terraces,1310,41,67,29,7,65.2,179.1,61.3,14.6,84,5870,17,0.0,147,1,Rockfall,54,172,Caution
REC-00074,2026-01-14 12:32:00,Sikkim,Pakyong (Airport Corridor),NH-717A,Rorathang - Pakyong Multi-Modal Link,Hill Slope Terraces,1402,37,67,39,7,0.0,0.0,42.3,5.7,35,2480,2,0.0,89,0,Clear,29,14,Open
REC-00075,2026-06-22 02:58:00,Meghalaya,East Jaintia Hills (Sonapur),NH-6,Sonapur Tunnel - Lukha River Gorge Lifeline,Severe Mudslide Karst Chokepoint,893,45,38,28,10,73.6,261.2,92.8,26.2,90,2137,12,0.0,130,0,Rockfall,65,180,Open
REC-00076,2026-07-25 14:39:00,Meghalaya,East Jaintia Hills (Sonapur),NH-6,Sonapur Tunnel - Lukha River Gorge Lifeline,Severe Mudslide Karst Chokepoint,935,43,45,27,10,41.3,103.9,88.8,25.5,90,2621,4,0.0,122,0,Clear,56,14,Open
REC-00077,2025-07-23 15:38:00,Assam,Dima Hasao (Haflong),NH-27,Haflong Hill Section - Jatinga Valley,Rugged Mountain Range,897,41,64,27,9,3.0,12.7,78.8,26.2,86,7625,18,0.0,202,0,Clear,33,0,Open
REC-00078,2026-07-26 01:40:00,Nagaland,Mokokchung,NH-702,Amguri - Tuli - Mokokchung Industrial Corridor,Hilly Ridge Crest,1300,29,68,43,5,43.4,158.9,70.4,23.8,97,2498,25,0.0,114,0,Clear,41,5,Open
REC-00079,2026-08-04 20:11:00,Sikkim,Pakyong (Airport Corridor),NH-717A,Rorathang - Pakyong Multi-Modal Link,Hill Slope Terraces,1373,37,59,42,7,71.1,343.3,78.7,23.5,81,1486,11,0.0,167,0,Rockfall,63,72,Open
REC-00080,2026-01-05 03:51:00,Mizoram,Lunglei,NH-54,Thenzawl - Lunglei Southern Lifeline,Rugged Mountain Escarpment,1014,25,60,41,6,0.0,0.0,38.3,15.8,53,8929,11,0.0,66,0,Clear,20,5,Open
REC-00081,2026-02-23 03:05:00,Mizoram,Aizawl & Kolasib,NH-306,Vairengte Gateway - Hunthar Slope - Aizawl,North-South Structural Ridge,1180,38,59,42,8,0.0,0.0,39.8,12.7,37,8125,29,0.0,151,0,Clear,37,2,Open
REC-00082,2026-04-08 16:51:00,Nagaland,Mokokchung,NH-702,Amguri - Tuli - Mokokchung Industrial Corridor,Hilly Ridge Crest,1417,23,55,51,5,17.4,49.6,62.0,15.6,74,4666,15,0.0,80,0,Clear,27,14,Open
REC-00083,2026-04-16 14:48:00,Nagaland,Kohima & Dimapur,NH-29,Dimapur Bypass - Pagla Pahar - Kohima Ridge,Active Tectonic Sinking Zone,1529,40,55,31,9,37.1,85.8,63.8,15.9,68,3848,6,0.0,120,0,Clear,35,9,Open
REC-00084,2025-10-22 03:08:00,Tripura,West Tripura (Agartala),NH-8,Churaibari Gate - Teliamura - Agartala Arterial,Tripura Plain / Low Hillocks,15,15,82,58,3,0.0,0.0,46.1,19.9,65,6036,7,0.0,37,0,Clear,18,5,Open
REC-00085,2026-09-03 07:07:00,Nagaland,Kohima & Dimapur,NH-29,Dimapur Bypass - Pagla Pahar - Kohima Ridge,Active Tectonic Sinking Zone,1334,40,45,30,9,124.1,677.0,83.9,20.8,82,9838,10,0.0,136,1,Landslide,77,425,Blocked
REC-00086,2026-05-25 18:04:00,Sikkim,Gangtok & Mangan,NH-10,Rangpo Border - 29th Mile Teesta Gorge - Gangtok,Teesta River Canyon Chokepoint,1683,55,52,10,10,40.4,76.9,69.3,18.5,57,9832,10,0.0,90,0,Clear,53,4,Open
REC-00087,2025-09-16 05:20:00,Mizoram,Aizawl & Kolasib,NH-306,Vairengte Gateway - Hunthar Slope - Aizawl,North-South Structural Ridge,1058,35,65,33,8,72.9,386.7,85.7,26.6,99,9824,16,0.0,61,1,Severe Waterlogging,64,84,Caution
REC-00088,2026-03-12 18:02:00,Arunachal Pradesh,Tawang & West Kameng,NH-13,"Bhalukpong - Bomdila - Sela Pass (4,170m)",Eastern Himalayan Alpine,2734,42,63,37,8,0.0,0.0,48.7,0.5,59,1296,5,0.0,85,0,Clear,31,12,Open
REC-00089,2026-07-09 02:44:00,Mizoram,Aizawl & Kolasib,NH-306,Vairengte Gateway - Hunthar Slope - Aizawl,North-South Structural Ridge,1250,33,58,33,8,110.0,434.8,86.0,27.6,91,6458,18,0.0,115,0,Severe Waterlogging,66,69,Open
REC-00090,2026-01-23 12:55:00,Assam,Cachar (Silchar),NH-37 / NH-6,Silchar - Badarpur - Kalain Pass,Barak Valley Floodplain,33,9,63,49,4,0.0,0.0,36.6,20.7,59,235,28,0.0,287,1,Minor Slump & Slippage,17,45,Caution
REC-00091,2026-03-28 01:03:00,Arunachal Pradesh,Papum Pare (Itanagar),NH-415,Holongi - Itanagar - Naharlagun Arterial,Sub-Himalayan Foothills,288,23,65,55,5,0.0,0.0,40.4,16.4,64,2561,2,0.0,172,0,Clear,18,6,Open
REC-00092,2026-01-21 02:24:00,Nagaland,Kohima & Dimapur,NH-29,Dimapur Bypass - Pagla Pahar - Kohima Ridge,Active Tectonic Sinking Zone,1785,39,54,30,9,0.0,0.0,42.6,5.3,48,7253,2,0.0,246,0,Clear,29,1,Open
REC-00093,2025-05-10 04:45:00,Assam,Cachar (Silchar),NH-37 / NH-6,Silchar - Badarpur - Kalain Pass,Barak Valley Floodplain,32,9,63,38,4,9.8,22.2,43.6,24.2,74,3462,23,0.0,34,0,Clear,16,15,Open
REC-00094,2026-07-31 00:23:00,Mizoram,Aizawl & Kolasib,NH-306,Vairengte Gateway - Hunthar Slope - Aizawl,North-South Structural Ridge,1313,39,58,34,8,54.4,204.0,86.2,20.9,81,8575,12,0.0,207,0,Clear,57,12,Open
REC-00095,2025-12-05 01:36:00,Meghalaya,East Jaintia Hills (Sonapur),NH-6,Sonapur Tunnel - Lukha River Gorge Lifeline,Severe Mudslide Karst Chokepoint,897,51,38,29,10,0.0,0.0,38.6,15.3,65,7523,3,0.0,119,0,Clear,36,10,Open
REC-00096,2026-09-21 12:20:00,Tripura,West Tripura (Agartala),NH-8,Churaibari Gate - Teliamura - Agartala Arterial,Tripura Plain / Low Hillocks,15,8,74,63,3,12.7,68.2,70.1,34.4,90,5131,5,0.0,136,0,Clear,21,9,Open
REC-00097,2025-10-30 22:45:00,Mizoram,Aizawl & Kolasib,NH-306,Vairengte Gateway - Hunthar Slope - Aizawl,North-South Structural Ridge,1118,32,58,35,8,0.0,0.0,15.0,7.9,44,7264,9,0.0,224,0,Clear,26,2,Open
REC-00098,2026-06-27 20:16:00,Nagaland,Kohima & Dimapur,NH-29,Dimapur Bypass - Pagla Pahar - Kohima Ridge,Active Tectonic Sinking Zone,1591,39,50,30,9,64.5,321.5,75.1,22.8,86,4720,14,0.0,209,0,Rockfall,55,95,Open
REC-00099,2025-09-09 13:41:00,Assam,Kamrup Metropolitan (Guwahati),NH-27,Guwahati - Saraighat - Rangia Corridor,Valley River Basin,58,17,82,73,2,102.1,541.7,90.2,30.1,81,2265,24,0.0,130,0,Clear,53,5,Open
REC-00100,2025-09-28 01:53:00,Sikkim,Gangtok & Mangan,NH-10,Rangpo Border - 29th Mile Teesta Gorge - Gangtok,Teesta River Canyon Chokepoint,1578,50,43,16,10,23.0,122.1,89.1,21.5,99,2558,20,0.0,96,0,Clear,54,14,Open
REC-00101,2025-10-15 03:21:00,Manipur,Noney & Tamenglong,NH-37,Noney Tupul - Makru Bridge Mountain Link,Steep Hillside Chokepoint,1097,43,44,32,9,2.0,2.5,31.6,7.7,62,3964,21,0.0,225,0,Clear,36,5,Open
REC-00102,2026-08-02 10:59:00,Meghalaya,East Jaintia Hills (Sonapur),NH-6,Sonapur Tunnel - Lukha River Gorge Lifeline,Severe Mudslide Karst Chokepoint,894,38,42,27,10,99.7,323.4,81.5,24.9,93,987,26,0.0,92,0,Rockfall,64,235,Open
REC-00103,2025-07-30 20:58:00,Mizoram,Aizawl & Kolasib,NH-306,Vairengte Gateway - Hunthar Slope - Aizawl,North-South Structural Ridge,1104,24,58,30,8,105.1,332.4,78.5,26.9,96,6921,5,0.0,158,1,Severe Waterlogging,61,65,Caution
REC-00104,2026-09-23 22:23:00,Sikkim,Pakyong (Airport Corridor),NH-717A,Rorathang - Pakyong Multi-Modal Link,Hill Slope Terraces,1227,33,63,42,7,98.3,268.8,78.7,22.7,86,6175,11,0.0,35,1,Severe Waterlogging,55,159,Caution
REC-00105,2026-07-09 04:32:00,Assam,Cachar (Silchar),NH-37 / NH-6,Silchar - Badarpur - Kalain Pass,Barak Valley Floodplain,32,15,74,59,4,15.0,62.6,88.5,32.1,84,849,13,3.5,41,0,Clear,35,15,Open
REC-00106,2026-01-19 13:11:00,Assam,Cachar (Silchar),NH-37 / NH-6,Silchar - Badarpur - Kalain Pass,Barak Valley Floodplain,34,2,66,37,4,0.0,0.0,33.5,21.5,72,6984,5,0.0,184,0,Clear,10,12,Open
REC-00107,2025-11-15 00:48:00,Meghalaya,East Jaintia Hills (Sonapur),NH-6,Sonapur Tunnel - Lukha River Gorge Lifeline,Severe Mudslide Karst Chokepoint,865,49,43,25,10,1.2,2.0,40.1,10.7,40,6471,16,0.0,152,0,Clear,34,0,Open
REC-00108,2025-10-29 02:06:00,Manipur,Imphal West (Imphal),NH-102,Imphal - Thoubal - Moreh Trans-Asian Highway,Manipur Central Valley,673,14,70,55,3,0.0,0.0,23.3,14.4,43,7991,14,0.0,161,0,Clear,11,10,Open
REC-00109,2025-11-29 09:56:00,Mizoram,Lunglei,NH-54,Thenzawl - Lunglei Southern Lifeline,Rugged Mountain Escarpment,1254,41,54,38,6,3.6,4.4,52.8,8.2,53,7799,11,0.0,113,0,Clear,27,13,Open
REC-00110,2026-02-02 12:11:00,Meghalaya,East Jaintia Hills (Sonapur),NH-6,Sonapur Tunnel - Lukha River Gorge Lifeline,Severe Mudslide Karst Chokepoint,841,46,47,27,10,0.0,0.0,32.6,8.2,60,1744,2,0.0,59,0,Clear,35,14,Open
REC-00111,2025-07-04 17:46:00,Nagaland,Kohima & Dimapur,NH-29,Dimapur Bypass - Pagla Pahar - Kohima Ridge,Active Tectonic Sinking Zone,1418,39,48,42,9,127.1,634.0,91.2,26.8,90,9956,20,0.0,153,1,Landslide,81,288,Blocked
REC-00112,2025-07-30 23:48:00,Arunachal Pradesh,Papum Pare (Itanagar),NH-415,Holongi - Itanagar - Naharlagun Arterial,Sub-Himalayan Foothills,374,17,77,48,5,31.7,136.7,83.0,28.2,93,7036,2,0.0,138,0,Clear,29,15,Open
REC-00113,2025-10-26 11:20:00,Mizoram,Lunglei,NH-54,Thenzawl - Lunglei Southern Lifeline,Rugged Mountain Escarpment,1276,33,56,38,6,0.0,0.0,38.8,15.5,56,7641,12,0.0,158,0,Clear,19,10,Open
REC-00114,2026-08-14 23:41:00,Manipur,Noney & Tamenglong,NH-37,Noney Tupul - Makru Bridge Mountain Link,Steep Hillside Chokepoint,954,43,51,28,9,31.3,147.7,66.2,24.3,91,9682,12,0.0,190,0,Clear,46,1,Open
REC-00115,2026-05-28 04:53:00,Assam,Kamrup Metropolitan (Guwahati),NH-27,Guwahati - Saraighat - Rangia Corridor,Valley River Basin,59,13,82,64,2,18.6,37.4,55.9,26.9,74,8716,13,0.0,111,0,Clear,19,9,Open
REC-00116,2026-08-28 22:43:00,Assam,Kamrup Metropolitan (Guwahati),NH-27,Guwahati - Saraighat - Rangia Corridor,Valley River Basin,59,5,78,69,2,10.1,38.3,87.8,31.8,86,4935,25,0.0,113,0,Clear,23,7,Open
REC-00117,2026-02-02 21:52:00,Manipur,Imphal West (Imphal),NH-102,Imphal - Thoubal - Moreh Trans-Asian Highway,Manipur Central Valley,837,16,65,54,3,0.0,0.0,45.6,11.8,39,954,13,0.0,220,0,Clear,15,3,Open
REC-00118,2025-11-22 06:57:00,Assam,Cachar (Silchar),NH-37 / NH-6,Silchar - Badarpur - Kalain Pass,Barak Valley Floodplain,40,16,72,52,4,0.0,0.0,31.9,20.3,55,120,7,3.1,188,0,Clear,14,0,Open
REC-00119,2026-05-04 21:57:00,Manipur,Imphal West (Imphal),NH-102,Imphal - Thoubal - Moreh Trans-Asian Highway,Manipur Central Valley,692,19,75,45,3,1.2,3.4,56.3,23.5,76,6466,22,0.0,141,0,Clear,22,10,Open
REC-00120,2026-01-05 14:31:00,Assam,Kamrup Metropolitan (Guwahati),NH-27,Guwahati - Saraighat - Rangia Corridor,Valley River Basin,60,2,75,63,2,2.7,3.7,32.2,20.6,61,103,13,0.0,95,0,Clear,9,0,Open
REC-00121,2026-02-10 14:23:00,Assam,Kamrup Metropolitan (Guwahati),NH-27,Guwahati - Saraighat - Rangia Corridor,Valley River Basin,57,3,86,62,2,0.0,0.0,26.3,16.6,65,62,11,0.0,141,0,Dense Fog Blockage,6,116,Open
REC-00122,2026-09-16 05:43:00,Manipur,Imphal West (Imphal),NH-102,Imphal - Thoubal - Moreh Trans-Asian Highway,Manipur Central Valley,763,14,66,59,3,108.0,393.4,87.4,24.6,93,8733,17,0.0,27,0,Clear,52,6,Open
REC-00123,2025-07-19 04:19:00,Sikkim,Pakyong (Airport Corridor),NH-717A,Rorathang - Pakyong Multi-Modal Link,Hill Slope Terraces,1497,31,65,36,7,110.1,553.2,82.4,23.2,76,3030,10,0.0,197,1,Severe Waterlogging,63,170,Caution
REC-00124,2026-02-28 12:17:00,Manipur,Imphal West (Imphal),NH-102,Imphal - Thoubal - Moreh Trans-Asian Highway,Manipur Central Valley,839,9,76,52,3,0.0,0.0,40.2,10.8,66,9812,26,0.0,136,0,Clear,14,13,Open
REC-00125,2025-08-21 20:19:00,Tripura,West Tripura (Agartala),NH-8,Churaibari Gate - Teliamura - Agartala Arterial,Tripura Plain / Low Hillocks,15,8,76,55,3,50.1,161.6,73.4,34.8,77,7366,13,0.0,227,0,Clear,32,11,Open
REC-00126,2025-07-21 07:42:00,Assam,Dima Hasao (Haflong),NH-27,Haflong Hill Section - Jatinga Valley,Rugged Mountain Range,917,31,54,28,9,51.1,221.7,76.8,20.8,77,6232,22,3.3,106,0,Clear,52,14,Open
REC-00127,2026-05-06 14:49:00,Nagaland,Kohima & Dimapur,NH-29,Dimapur Bypass - Pagla Pahar - Kohima Ridge,Active Tectonic Sinking Zone,1576,39,49,30,9,9.1,25.0,56.9,14.2,65,2206,31,0.0,150,0,Clear,39,6,Open
REC-00128,2026-03-23 15:06:00,Tripura,West Tripura (Agartala),NH-8,Churaibari Gate - Teliamura - Agartala Arterial,Tripura Plain / Low Hillocks,15,8,73,53,3,0.0,0.0,31.5,20.0,64,3492,4,0.0,115,0,Clear,11,13,Open
REC-00129,2025-11-24 12:40:00,Sikkim,Pakyong (Airport Corridor),NH-717A,Rorathang - Pakyong Multi-Modal Link,Hill Slope Terraces,1397,40,66,33,7,3.4,4.9,48.6,5.9,58,232,22,0.0,142,1,Minor Slump & Slippage,27,42,Caution
REC-00130,2025-07-26 08:42:00,Sikkim,Pakyong (Airport Corridor),NH-717A,Rorathang - Pakyong Multi-Modal Link,Hill Slope Terraces,1265,31,71,37,7,100.8,445.3,72.7,22.6,78,8301,3,0.0,46,0,Severe Waterlogging,63,123,Open
REC-00131,2025-10-05 11:44:00,Meghalaya,East Khasi Hills (Shillong),NH-6,Umiam - Mawlai - Shillong Peak Bypass,Highland Plateau,1467,27,80,47,6,1.6,2.6,37.7,8.7,43,3638,5,0.0,96,0,Clear,25,0,Open
REC-00132,2025-08-18 06:52:00,Tripura,West Tripura (Agartala),NH-8,Churaibari Gate - Teliamura - Agartala Arterial,Tripura Plain / Low Hillocks,15,12,76,61,3,79.0,288.5,68.5,31.2,83,3540,5,0.0,219,0,Clear,45,9,Open
REC-00133,2026-07-13 18:47:00,Arunachal Pradesh,Tawang & West Kameng,NH-13,"Bhalukpong - Bomdila - Sela Pass (4,170m)",Eastern Himalayan Alpine,2963,33,53,25,8,72.4,291.9,70.4,10.7,82,9680,15,0.0,104,1,Severe Waterlogging,60,121,Caution
REC-00134,2026-07-05 08:22:00,Assam,Cachar (Silchar),NH-37 / NH-6,Silchar - Badarpur - Kalain Pass,Barak Valley Floodplain,38,16,61,41,4,115.8,589.0,99.0,32.8,96,6544,26,0.0,71,0,Clear,57,6,Open
REC-00135,2026-03-26 17:17:00,Assam,Cachar (Silchar),NH-37 / NH-6,Silchar - Badarpur - Kalain Pass,Barak Valley Floodplain,28,7,71,39,4,0.0,0.0,43.2,12.5,53,2360,12,0.0,120,0,Clear,15,4,Open
REC-00136,2025-12-12 04:45:00,Meghalaya,East Jaintia Hills (Sonapur),NH-6,Sonapur Tunnel - Lukha River Gorge Lifeline,Severe Mudslide Karst Chokepoint,953,52,40,23,10,0.0,0.0,40.5,10.1,45,2037,8,0.0,139,0,Clear,37,11,Open
REC-00137,2026-08-13 10:37:00,Sikkim,Pakyong (Airport Corridor),NH-717A,Rorathang - Pakyong Multi-Modal Link,Hill Slope Terraces,1231,33,59,42,7,142.6,670.0,82.3,22.0,86,1837,16,0.0,62,1,Severe Waterlogging,71,78,Caution
REC-00138,2026-03-18 21:48:00,Tripura,West Tripura (Agartala),NH-8,Churaibari Gate - Teliamura - Agartala Arterial,Tripura Plain / Low Hillocks,15,12,72,68,3,0.3,0.5,42.3,15.8,49,811,22,0.0,116,0,Clear,13,8,Open
REC-00139,2026-04-05 08:05:00,Assam,Dima Hasao (Haflong),NH-27,Haflong Hill Section - Jatinga Valley,Rugged Mountain Range,907,40,57,35,9,73.2,169.9,67.4,19.5,67,2294,8,0.0,188,1,Rockfall,55,62,Caution
REC-00140,2026-03-18 03:55:00,Assam,Kamrup Metropolitan (Guwahati),NH-27,Guwahati - Saraighat - Rangia Corridor,Valley River Basin,54,6,77,55,2,0.0,0.0,43.9,15.6,60,3046,29,0.0,167,0,Clear,8,2,Open
REC-00141,2025-09-16 14:22:00,Assam,Kamrup Metropolitan (Guwahati),NH-27,Guwahati - Saraighat - Rangia Corridor,Valley River Basin,58,9,86,61,2,54.1,159.8,68.1,30.8,77,2446,16,0.0,143,0,Clear,31,2,Open
REC-00142,2026-01-17 22:01:00,Manipur,Imphal West (Imphal),NH-102,Imphal - Thoubal - Moreh Trans-Asian Highway,Manipur Central Valley,857,7,72,50,3,0.0,0.0,27.7,12.2,50,5642,5,0.0,36,0,Clear,11,2,Open
REC-00143,2026-04-05 10:08:00,Assam,Kamrup Metropolitan (Guwahati),NH-27,Guwahati - Saraighat - Rangia Corridor,Valley River Basin,52,7,90,66,2,60.6,141.9,68.3,18.4,61,1995,18,2.7,118,0,Clear,37,9,Open
REC-00144,2026-06-08 22:25:00,Sikkim,Gangtok & Mangan,NH-10,Rangpo Border - 29th Mile Teesta Gorge - Gangtok,Teesta River Canyon Chokepoint,1762,47,41,23,10,113.5,493.5,88.1,20.4,86,3345,6,0.0,106,1,Rockfall,81,121,Caution
REC-00145,2025-12-07 02:59:00,Assam,Cachar (Silchar),NH-37 / NH-6,Silchar - Badarpur - Kalain Pass,Barak Valley Floodplain,33,11,72,41,4,0.0,0.0,41.3,13.7,46,221,14,0.0,126,1,Minor Slump & Slippage,16,77,Caution
REC-00146,2025-07-30 00:21:00,Manipur,Noney & Tamenglong,NH-37,Noney Tupul - Makru Bridge Mountain Link,Steep Hillside Chokepoint,955,36,51,32,9,33.7,165.8,81.5,28.2,90,6700,18,5.0,137,1,Landslide,50,525,Blocked
REC-00147,2025-11-20 23:32:00,Meghalaya,East Khasi Hills (Shillong),NH-6,Umiam - Mawlai - Shillong Peak Bypass,Highland Plateau,1592,30,71,61,6,6.5,6.6,44.1,8.3,58,7670,13,0.0,121,0,Clear,31,11,Open
REC-00148,2026-08-28 21:57:00,Meghalaya,East Khasi Hills (Shillong),NH-6,Umiam - Mawlai - Shillong Peak Bypass,Highland Plateau,1560,37,73,46,6,95.2,385.3,84.3,18.4,95,5890,9,3.1,187,1,Rockfall,66,186,Caution
REC-00149,2026-10-12 07:09:00,Arunachal Pradesh,Papum Pare (Itanagar),NH-415,Holongi - Itanagar - Naharlagun Arterial,Sub-Himalayan Foothills,360,31,73,53,5,1.8,2.2,27.2,11.4,41,823,14,0.0,61,0,Clear,25,1,Open
REC-00150,2026-01-12 02:02:00,Meghalaya,East Jaintia Hills (Sonapur),NH-6,Sonapur Tunnel - Lukha River Gorge Lifeline,Severe Mudslide Karst Chokepoint,876,40,49,19,10,0.0,0.0,33.9,17.2,36,2191,5,0.0,85,0,Clear,36,4,Open
REC-00151,2026-01-24 08:54:00,Manipur,Imphal West (Imphal),NH-102,Imphal - Thoubal - Moreh Trans-Asian Highway,Manipur Central Valley,688,12,69,51,3,0.0,0.0,40.6,15.3,49,2023,18,0.0,108,0,Clear,12,3,Open
REC-00152,2025-10-30 14:19:00,Nagaland,Kohima & Dimapur,NH-29,Dimapur Bypass - Pagla Pahar - Kohima Ridge,Active Tectonic Sinking Zone,1556,37,39,28,9,0.0,0.0,37.7,11.6,73,1460,17,0.0,235,0,Clear,30,9,Open
REC-00153,2025-09-26 00:25:00,Manipur,Noney & Tamenglong,NH-37,Noney Tupul - Makru Bridge Mountain Link,Steep Hillside Chokepoint,1010,43,52,29,9,73.6,372.7,70.1,25.8,84,1810,10,0.0,151,1,Rockfall,61,225,Caution
REC-00154,2025-12-22 02:01:00,Assam,Dima Hasao (Haflong),NH-27,Haflong Hill Section - Jatinga Valley,Rugged Mountain Range,1084,42,50,38,9,0.0,0.0,23.9,11.4,37,8352,10,5.2,32,1,Landslide,39,398,Blocked
REC-00155,2026-03-29 06:58:00,Arunachal Pradesh,Tawang & West Kameng,NH-13,"Bhalukpong - Bomdila - Sela Pass (4,170m)",Eastern Himalayan Alpine,3053,48,52,43,8,1.1,2.1,48.6,-4.5,58,1799,19,0.0,73,0,Clear,31,7,Open
REC-00156,2026-04-27 22:22:00,Assam,Kamrup Metropolitan (Guwahati),NH-27,Guwahati - Saraighat - Rangia Corridor,Valley River Basin,53,7,76,67,2,0.0,0.0,63.3,26.2,62,4388,28,0.0,140,0,Clear,12,7,Open
REC-00157,2025-07-12 07:42:00,Arunachal Pradesh,Tawang & West Kameng,NH-13,"Bhalukpong - Bomdila - Sela Pass (4,170m)",Eastern Himalayan Alpine,3014,38,61,31,8,111.5,359.4,64.7,15.5,85,7163,10,0.0,181,1,Rockfall,69,238,Caution
REC-00158,2025-04-29 22:44:00,Nagaland,Kohima & Dimapur,NH-29,Dimapur Bypass - Pagla Pahar - Kohima Ridge,Active Tectonic Sinking Zone,1373,43,55,32,9,5.7,11.4,75.6,10.9,93,9682,10,0.0,184,0,Clear,39,6,Open
REC-00159,2026-03-15 22:11:00,Meghalaya,East Jaintia Hills (Sonapur),NH-6,Sonapur Tunnel - Lukha River Gorge Lifeline,Severe Mudslide Karst Chokepoint,903,40,53,16,10,0.0,0.0,34.9,9.2,53,2617,23,0.0,22,0,Clear,31,9,Open
REC-00160,2025-08-18 05:46:00,Mizoram,Lunglei,NH-54,Thenzawl - Lunglei Southern Lifeline,Rugged Mountain Escarpment,1186,32,55,40,6,77.7,415.4,88.6,28.1,68,6646,11,0.0,88,0,Severe Waterlogging,65,45,Open
REC-00161,2025-05-04 05:38:00,Nagaland,Mokokchung,NH-702,Amguri - Tuli - Mokokchung Industrial Corridor,Hilly Ridge Crest,1286,24,60,49,5,6.1,16.2,84.8,17.7,68,2074,15,0.0,290,0,Clear,28,10,Open
REC-00162,2025-04-12 08:13:00,Sikkim,Pakyong (Airport Corridor),NH-717A,Rorathang - Pakyong Multi-Modal Link,Hill Slope Terraces,1354,35,62,40,7,0.0,0.0,70.5,14.1,75,3525,22,0.0,61,0,Clear,31,15,Open
REC-00163,2025-09-14 14:04:00,Manipur,Imphal West (Imphal),NH-102,Imphal - Thoubal - Moreh Trans-Asian Highway,Manipur Central Valley,815,9,71,55,3,68.6,175.6,79.5,31.1,87,3436,12,0.0,44,0,Clear,35,0,Open
REC-00164,2025-09-16 19:56:00,Sikkim,Gangtok & Mangan,NH-10,Rangpo Border - 29th Mile Teesta Gorge - Gangtok,Teesta River Canyon Chokepoint,1783,49,54,23,10,31.2,118.6,90.5,15.0,90,9649,7,0.0,111,0,Clear,54,15,Open
REC-00165,2025-05-26 11:00:00,Meghalaya,East Jaintia Hills (Sonapur),NH-6,Sonapur Tunnel - Lukha River Gorge Lifeline,Severe Mudslide Karst Chokepoint,862,50,39,26,10,6.2,16.9,65.5,20.6,65,5581,22,0.0,110,0,Clear,44,12,Open
REC-00166,2026-04-15 12:23:00,Arunachal Pradesh,Tawang & West Kameng,NH-13,"Bhalukpong - Bomdila - Sela Pass (4,170m)",Eastern Himalayan Alpine,3008,52,64,45,8,13.0,26.8,75.5,5.1,75,2384,12,0.0,78,0,Clear,42,1,Open
REC-00167,2026-09-18 13:34:00,Nagaland,Mokokchung,NH-702,Amguri - Tuli - Mokokchung Industrial Corridor,Hilly Ridge Crest,1413,21,55,44,5,24.3,102.5,60.3,25.8,88,1368,2,0.0,118,0,Clear,35,5,Open
REC-00168,2025-11-03 06:08:00,Arunachal Pradesh,Tawang & West Kameng,NH-13,"Bhalukpong - Bomdila - Sela Pass (4,170m)",Eastern Himalayan Alpine,3480,48,60,36,8,0.3,0.5,46.5,-1.9,61,226,16,0.0,108,1,Minor Slump & Slippage,33,80,Caution
REC-00169,2025-07-25 13:09:00,Sikkim,Gangtok & Mangan,NH-10,Rangpo Border - 29th Mile Teesta Gorge - Gangtok,Teesta River Canyon Chokepoint,1929,46,47,12,10,114.1,336.0,67.7,18.4,80,5487,12,0.0,209,1,Rockfall,75,181,Caution
REC-00170,2025-09-24 08:25:00,Assam,Cachar (Silchar),NH-37 / NH-6,Silchar - Badarpur - Kalain Pass,Barak Valley Floodplain,36,10,71,43,4,103.1,472.3,92.8,33.4,99,8585,28,4.9,58,0,Severe Waterlogging,58,103,Open
REC-00171,2026-02-02 23:28:00,Meghalaya,East Jaintia Hills (Sonapur),NH-6,Sonapur Tunnel - Lukha River Gorge Lifeline,Severe Mudslide Karst Chokepoint,793,51,39,27,10,0.0,0.0,35.8,14.3,52,7471,13,0.0,18,0,Clear,38,12,Open
REC-00172,2026-09-19 18:01:00,Meghalaya,East Jaintia Hills (Sonapur),NH-6,Sonapur Tunnel - Lukha River Gorge Lifeline,Severe Mudslide Karst Chokepoint,907,48,43,19,10,97.7,295.2,86.7,28.3,84,4062,16,0.0,151,0,Rockfall,69,155,Open
REC-00173,2026-07-01 05:55:00,Tripura,West Tripura (Agartala),NH-8,Churaibari Gate - Teliamura - Agartala Arterial,Tripura Plain / Low Hillocks,15,10,75,69,3,8.8,31.1,84.0,31.0,91,1249,10,0.0,143,0,Clear,20,8,Open
REC-00174,2026-09-08 00:55:00,Sikkim,Gangtok & Mangan,NH-10,Rangpo Border - 29th Mile Teesta Gorge - Gangtok,Teesta River Canyon Chokepoint,1811,46,46,17,10,10.9,52.8,82.1,20.0,86,4935,13,0.0,208,0,Clear,43,12,Open
REC-00175,2026-07-15 08:13:00,Nagaland,Kohima & Dimapur,NH-29,Dimapur Bypass - Pagla Pahar - Kohima Ridge,Active Tectonic Sinking Zone,1476,34,46,29,9,0.0,0.0,85.1,22.1,85,6931,4,0.0,89,0,Clear,35,10,Open
REC-00176,2025-12-24 20:45:00,Manipur,Noney & Tamenglong,NH-37,Noney Tupul - Makru Bridge Mountain Link,Steep Hillside Chokepoint,1067,42,35,20,9,0.0,0.0,41.9,11.9,60,7420,7,0.0,43,0,Clear,33,12,Open
REC-00177,2025-10-12 10:46:00,Assam,Cachar (Silchar),NH-37 / NH-6,Silchar - Badarpur - Kalain Pass,Barak Valley Floodplain,32,15,70,45,4,0.0,0.0,45.4,16.9,46,5718,22,0.0,25,0,Clear,19,5,Open
REC-00178,2025-07-01 07:22:00,Mizoram,Lunglei,NH-54,Thenzawl - Lunglei Southern Lifeline,Rugged Mountain Escarpment,1293,31,59,37,6,90.1,285.6,89.2,21.2,81,2729,9,0.0,173,1,Severe Waterlogging,58,173,Caution
REC-00179,2026-04-26 16:19:00,Meghalaya,East Khasi Hills (Shillong),NH-6,Umiam - Mawlai - Shillong Peak Bypass,Highland Plateau,1519,40,77,53,6,0.0,0.0,75.8,15.7,82,8296,23,0.0,213,0,Clear,35,1,Open
REC-00180,2026-07-07 08:13:00,Assam,Kamrup Metropolitan (Guwahati),NH-27,Guwahati - Saraighat - Rangia Corridor,Valley River Basin,47,8,85,63,2,61.7,295.1,90.3,34.6,99,7835,19,0.0,177,0,Clear,41,11,Open
REC-00181,2026-02-24 16:12:00,Assam,Kamrup Metropolitan (Guwahati),NH-27,Guwahati - Saraighat - Rangia Corridor,Valley River Basin,54,9,78,72,2,0.0,0.0,38.0,15.5,79,51,13,0.0,95,1,Dense Fog Blockage,10,62,Caution
REC-00182,2026-08-15 11:48:00,Mizoram,Lunglei,NH-54,Thenzawl - Lunglei Southern Lifeline,Rugged Mountain Escarpment,1262,33,56,41,6,106.3,558.6,99.0,22.5,83,1159,9,0.0,100,1,Severe Waterlogging,69,57,Caution
REC-00183,2025-07-20 20:53:00,Assam,Cachar (Silchar),NH-37 / NH-6,Silchar - Badarpur - Kalain Pass,Barak Valley Floodplain,32,15,67,38,4,40.8,104.4,78.2,30.4,80,952,14,0.0,73,0,Clear,37,4,Open
REC-00184,2025-07-17 16:46:00,Sikkim,Gangtok & Mangan,NH-10,Rangpo Border - 29th Mile Teesta Gorge - Gangtok,Teesta River Canyon Chokepoint,1652,51,44,10,10,37.9,184.0,76.5,16.6,77,4104,8,0.0,167,0,Clear,54,7,Open
REC-00185,2025-04-14 21:05:00,Assam,Kamrup Metropolitan (Guwahati),NH-27,Guwahati - Saraighat - Rangia Corridor,Valley River Basin,56,9,85,60,2,0.0,0.0,71.4,21.6,56,2459,13,0.0,79,0,Clear,16,1,Open
REC-00186,2025-09-26 01:54:00,Meghalaya,East Khasi Hills (Shillong),NH-6,Umiam - Mawlai - Shillong Peak Bypass,Highland Plateau,1470,32,77,43,6,44.6,153.3,99.0,21.7,87,3067,11,0.0,88,0,Clear,47,10,Open
REC-00187,2025-07-26 12:25:00,Arunachal Pradesh,Tawang & West Kameng,NH-13,"Bhalukpong - Bomdila - Sela Pass (4,170m)",Eastern Himalayan Alpine,3306,39,59,26,8,51.3,276.3,80.6,7.9,95,2652,2,0.0,94,0,Clear,54,15,Open
REC-00188,2025-10-03 19:24:00,Sikkim,Pakyong (Airport Corridor),NH-717A,Rorathang - Pakyong Multi-Modal Link,Hill Slope Terraces,1317,26,75,42,7,0.0,0.0,48.4,6.6,36,7538,14,0.0,200,0,Clear,25,7,Open
REC-00189,2026-09-14 16:44:00,Mizoram,Lunglei,NH-54,Thenzawl - Lunglei Southern Lifeline,Rugged Mountain Escarpment,1312,32,57,36,6,58.8,263.7,77.7,21.3,88,9947,22,5.2,68,1,Landslide,57,564,Blocked
REC-00190,2026-02-23 07:21:00,Tripura,West Tripura (Agartala),NH-8,Churaibari Gate - Teliamura - Agartala Arterial,Tripura Plain / Low Hillocks,16,7,76,68,3,0.0,0.0,35.2,18.9,57,8141,21,0.0,157,0,Clear,15,1,Open
REC-00191,2025-07-03 19:39:00,Assam,Kamrup Metropolitan (Guwahati),NH-27,Guwahati - Saraighat - Rangia Corridor,Valley River Basin,52,4,75,72,2,70.1,309.3,91.9,29.1,81,4452,26,0.0,69,0,Clear,38,11,Open
REC-00192,2025-07-26 03:48:00,Sikkim,Pakyong (Airport Corridor),NH-717A,Rorathang - Pakyong Multi-Modal Link,Hill Slope Terraces,1205,31,57,38,7,63.4,226.0,81.4,23.5,78,2541,18,0.0,130,0,Clear,54,0,Open
REC-00193,2025-11-07 14:52:00,Nagaland,Mokokchung,NH-702,Amguri - Tuli - Mokokchung Industrial Corridor,Hilly Ridge Crest,1393,34,61,48,5,0.0,0.0,43.6,6.8,64,8181,3,0.0,141,0,Clear,25,13,Open
REC-00194,2026-09-03 05:44:00,Tripura,West Tripura (Agartala),NH-8,Churaibari Gate - Teliamura - Agartala Arterial,Tripura Plain / Low Hillocks,15,13,78,55,3,8.1,34.3,81.4,34.1,83,7102,7,0.0,48,0,Clear,26,10,Open
REC-00195,2026-07-08 04:08:00,Mizoram,Aizawl & Kolasib,NH-306,Vairengte Gateway - Hunthar Slope - Aizawl,North-South Structural Ridge,1266,40,64,36,8,5.4,25.6,90.1,20.7,84,9869,10,0.0,90,0,Clear,35,5,Open
REC-00196,2025-07-28 11:35:00,Mizoram,Lunglei,NH-54,Thenzawl - Lunglei Southern Lifeline,Rugged Mountain Escarpment,1081,37,62,41,6,0.0,0.0,68.6,26.1,82,7720,8,0.0,106,0,Clear,35,6,Open
REC-00197,2025-09-12 09:43:00,Manipur,Noney & Tamenglong,NH-37,Noney Tupul - Makru Bridge Mountain Link,Steep Hillside Chokepoint,1105,49,57,31,9,64.7,295.8,99.0,25.7,84,2479,5,0.0,59,1,Rockfall,62,238,Caution
REC-00198,2025-05-19 12:24:00,Mizoram,Aizawl & Kolasib,NH-306,Vairengte Gateway - Hunthar Slope - Aizawl,North-South Structural Ridge,1161,35,54,33,8,44.2,105.3,65.4,18.4,54,8059,8,0.0,199,0,Clear,40,6,Open
REC-00199,2026-01-27 14:11:00,Arunachal Pradesh,Papum Pare (Itanagar),NH-415,Holongi - Itanagar - Naharlagun Arterial,Sub-Himalayan Foothills,325,24,69,59,5,0.0,0.0,50.8,15.5,50,3436,20,0.0,118,0,Clear,21,4,Open
REC-00200,2025-05-23 20:39:00,Mizoram,Lunglei,NH-54,Thenzawl - Lunglei Southern Lifeline,Rugged Mountain Escarpment,1210,32,56,37,6,36.7,106.6,49.4,15.2,67,3812,2,0.0,106,0,Clear,33,10,Open
REC-00201,2026-04-05 09:13:00,Mizoram,Lunglei,NH-54,Thenzawl - Lunglei Southern Lifeline,Rugged Mountain Escarpment,1070,31,48,38,6,67.0,209.7,47.5,18.3,62,6468,10,0.0,188,1,Minor Slump & Slippage,40,50,Caution
REC-00202,2025-07-26 12:16:00,Nagaland,Mokokchung,NH-702,Amguri - Tuli - Mokokchung Industrial Corridor,Hilly Ridge Crest,1232,29,63,49,5,29.5,154.4,80.0,21.4,91,1518,10,0.0,203,0,Clear,45,0,Open
REC-00203,2025-11-02 21:40:00,Assam,Dima Hasao (Haflong),NH-27,Haflong Hill Section - Jatinga Valley,Rugged Mountain Range,976,31,59,38,9,0.0,0.0,31.9,10.7,50,7930,2,0.0,6,0,Clear,26,1,Open
REC-00204,2025-12-14 17:04:00,Arunachal Pradesh,Tawang & West Kameng,NH-13,"Bhalukpong - Bomdila - Sela Pass (4,170m)",Eastern Himalayan Alpine,3289,42,61,47,8,0.0,0.0,38.7,-5.3,54,212,14,0.0,124,1,Minor Slump & Slippage,36,62,Caution
REC-00205,2026-01-22 21:19:00,Meghalaya,East Khasi Hills (Shillong),NH-6,Umiam - Mawlai - Shillong Peak Bypass,Highland Plateau,1471,32,71,37,6,0.0,0.0,40.5,7.9,65,96,19,0.0,165,1,Dense Fog Blockage,27,146,Caution
REC-00206,2025-04-12 17:55:00,Nagaland,Kohima & Dimapur,NH-29,Dimapur Bypass - Pagla Pahar - Kohima Ridge,Active Tectonic Sinking Zone,1326,37,53,26,9,54.6,140.7,61.1,19.4,72,6433,11,0.0,217,0,Clear,49,8,Open
REC-00207,2025-07-27 05:42:00,Arunachal Pradesh,Papum Pare (Itanagar),NH-415,Holongi - Itanagar - Naharlagun Arterial,Sub-Himalayan Foothills,286,19,64,44,5,92.0,465.0,63.4,30.9,99,5562,11,0.0,79,0,Clear,50,7,Open
REC-00208,2026-01-17 19:04:00,Meghalaya,East Khasi Hills (Shillong),NH-6,Umiam - Mawlai - Shillong Peak Bypass,Highland Plateau,1576,30,83,46,6,0.0,0.0,46.7,10.9,39,6771,21,0.0,5,0,Clear,23,8,Open
REC-00209,2025-08-16 21:46:00,Nagaland,Kohima & Dimapur,NH-29,Dimapur Bypass - Pagla Pahar - Kohima Ridge,Active Tectonic Sinking Zone,1464,35,48,29,9,2.4,8.4,71.2,25.3,89,2143,21,0.0,140,0,Clear,35,2,Open
REC-00210,2025-04-20 16:40:00,Assam,Dima Hasao (Haflong),NH-27,Haflong Hill Section - Jatinga Valley,Rugged Mountain Range,870,33,63,36,9,57.4,135.9,63.9,19.3,49,9642,2,0.0,138,0,Clear,46,14,Open
REC-00211,2026-05-12 11:32:00,Assam,Dima Hasao (Haflong),NH-27,Haflong Hill Section - Jatinga Valley,Rugged Mountain Range,1075,37,62,32,9,4.4,8.0,62.7,19.1,95,3408,9,0.0,203,0,Clear,33,15,Open
REC-00212,2025-05-12 07:48:00,Nagaland,Kohima & Dimapur,NH-29,Dimapur Bypass - Pagla Pahar - Kohima Ridge,Active Tectonic Sinking Zone,1464,43,59,42,9,16.0,37.1,60.4,15.2,79,8495,28,4.4,58,0,Clear,45,8,Open
REC-00213,2026-04-21 20:24:00,Arunachal Pradesh,Tawang & West Kameng,NH-13,"Bhalukpong - Bomdila - Sela Pass (4,170m)",Eastern Himalayan Alpine,2812,44,58,47,8,10.1,23.3,43.7,10.2,53,6581,8,0.0,60,0,Clear,34,4,Open
REC-00214,2025-09-17 07:04:00,Sikkim,Pakyong (Airport Corridor),NH-717A,Rorathang - Pakyong Multi-Modal Link,Hill Slope Terraces,1472,37,65,36,7,28.6,84.4,81.3,19.1,93,7593,18,0.0,31,0,Clear,45,0,Open
REC-00215,2025-05-15 04:36:00,Manipur,Imphal West (Imphal),NH-102,Imphal - Thoubal - Moreh Trans-Asian Highway,Manipur Central Valley,813,12,75,46,3,65.2,171.4,71.9,23.6,82,9264,29,0.0,57,0,Clear,37,9,Open
REC-00216,2025-11-08 14:38:00,Assam,Dima Hasao (Haflong),NH-27,Haflong Hill Section - Jatinga Valley,Rugged Mountain Range,849,33,48,30,9,0.0,0.0,44.0,13.2,74,9169,9,0.0,111,0,Clear,31,7,Open
REC-00217,2026-04-30 04:06:00,Nagaland,Mokokchung,NH-702,Amguri - Tuli - Mokokchung Industrial Corridor,Hilly Ridge Crest,1143,26,66,54,5,55.2,169.6,61.9,17.6,62,1439,21,0.0,68,0,Clear,44,0,Open
REC-00218,2026-09-17 13:23:00,Sikkim,Gangtok & Mangan,NH-10,Rangpo Border - 29th Mile Teesta Gorge - Gangtok,Teesta River Canyon Chokepoint,1790,48,49,28,10,32.6,167.1,78.6,20.6,79,2400,6,0.0,117,0,Clear,52,13,Open
REC-00219,2025-10-11 00:45:00,Manipur,Noney & Tamenglong,NH-37,Noney Tupul - Makru Bridge Mountain Link,Steep Hillside Chokepoint,942,43,53,26,9,0.0,0.0,23.0,12.7,52,2546,6,0.0,93,0,Clear,27,11,Open
REC-00220,2026-05-12 06:26:00,Manipur,Noney & Tamenglong,NH-37,Noney Tupul - Makru Bridge Mountain Link,Steep Hillside Chokepoint,947,47,44,29,9,0.0,0.0,53.8,19.6,59,7322,12,0.0,5,0,Clear,36,6,Open
REC-00221,2026-03-13 17:39:00,Nagaland,Mokokchung,NH-702,Amguri - Tuli - Mokokchung Industrial Corridor,Hilly Ridge Crest,1557,29,66,47,5,0.0,0.0,29.4,7.9,71,3181,3,0.0,134,0,Clear,17,12,Open
REC-00222,2025-05-29 05:40:00,Mizoram,Aizawl & Kolasib,NH-306,Vairengte Gateway - Hunthar Slope - Aizawl,North-South Structural Ridge,1231,33,63,41,8,0.0,0.0,89.2,19.5,73,9164,27,0.0,124,0,Clear,35,0,Open
REC-00223,2025-06-28 08:49:00,Arunachal Pradesh,Tawang & West Kameng,NH-13,"Bhalukpong - Bomdila - Sela Pass (4,170m)",Eastern Himalayan Alpine,3088,42,68,32,8,11.0,40.9,90.8,6.6,88,9804,10,0.0,230,0,Clear,41,6,Open
REC-00224,2026-05-19 18:00:00,Sikkim,Pakyong (Airport Corridor),NH-717A,Rorathang - Pakyong Multi-Modal Link,Hill Slope Terraces,1430,36,60,33,7,58.7,127.1,54.1,21.0,75,5022,9,0.0,150,0,Clear,37,15,Open
REC-00225,2026-03-14 14:43:00,Manipur,Imphal West (Imphal),NH-102,Imphal - Thoubal - Moreh Trans-Asian Highway,Manipur Central Valley,867,16,60,52,3,0.0,0.0,39.9,16.1,56,4567,13,0.0,72,0,Clear,15,8,Open
REC-00226,2026-01-20 02:25:00,Manipur,Imphal West (Imphal),NH-102,Imphal - Thoubal - Moreh Trans-Asian Highway,Manipur Central Valley,727,14,70,57,3,0.0,0.0,55.6,14.8,67,3915,10,0.0,150,0,Clear,16,6,Open
REC-00227,2026-03-31 04:49:00,Manipur,Imphal West (Imphal),NH-102,Imphal - Thoubal - Moreh Trans-Asian Highway,Manipur Central Valley,793,9,71,49,3,8.4,14.1,27.9,15.6,40,5967,16,0.0,247,0,Clear,11,8,Open
REC-00228,2025-11-14 18:08:00,Nagaland,Mokokchung,NH-702,Amguri - Tuli - Mokokchung Industrial Corridor,Hilly Ridge Crest,1198,31,63,47,5,5.4,8.0,23.6,13.3,51,9290,33,0.0,116,0,Clear,26,10,Open
REC-00229,2025-12-22 05:35:00,Nagaland,Kohima & Dimapur,NH-29,Dimapur Bypass - Pagla Pahar - Kohima Ridge,Active Tectonic Sinking Zone,1492,43,48,34,9,0.0,0.0,43.9,4.7,52,7363,20,0.0,133,0,Clear,32,3,Open
REC-00230,2025-11-28 17:27:00,Manipur,Noney & Tamenglong,NH-37,Noney Tupul - Makru Bridge Mountain Link,Steep Hillside Chokepoint,969,42,49,35,9,0.0,0.0,40.1,10.5,36,9270,16,0.0,92,0,Clear,38,1,Open
REC-00231,2025-07-11 22:10:00,Nagaland,Mokokchung,NH-702,Amguri - Tuli - Mokokchung Industrial Corridor,Hilly Ridge Crest,1240,26,64,44,5,141.7,556.8,88.8,26.0,82,9980,2,0.0,81,1,Severe Waterlogging,66,89,Caution
REC-00232,2026-03-30 10:43:00,Mizoram,Aizawl & Kolasib,NH-306,Vairengte Gateway - Hunthar Slope - Aizawl,North-South Structural Ridge,1143,32,63,31,8,0.0,0.0,22.7,8.7,50,3173,21,0.0,56,0,Clear,19,2,Open
REC-00233,2026-03-18 07:20:00,Arunachal Pradesh,Tawang & West Kameng,NH-13,"Bhalukpong - Bomdila - Sela Pass (4,170m)",Eastern Himalayan Alpine,3396,44,66,44,8,0.0,0.0,47.3,-1.4,53,6750,13,0.0,47,0,Clear,34,8,Open
REC-00234,2025-11-02 05:25:00,Assam,Dima Hasao (Haflong),NH-27,Haflong Hill Section - Jatinga Valley,Rugged Mountain Range,954,32,52,39,9,0.2,0.4,40.2,14.4,52,2163,22,0.0,170,0,Clear,29,14,Open
REC-00235,2025-08-13 16:53:00,Meghalaya,East Jaintia Hills (Sonapur),NH-6,Sonapur Tunnel - Lukha River Gorge Lifeline,Severe Mudslide Karst Chokepoint,1012,43,38,34,10,138.0,415.6,91.2,20.5,89,5263,17,0.0,216,1,Mudflow,79,767,Blocked
REC-00236,2026-09-19 20:40:00,Sikkim,Gangtok & Mangan,NH-10,Rangpo Border - 29th Mile Teesta Gorge - Gangtok,Teesta River Canyon Chokepoint,1706,48,44,22,10,0.0,0.0,77.4,23.3,88,3351,13,0.0,120,0,Clear,41,15,Open
REC-00237,2026-02-01 00:49:00,Tripura,West Tripura (Agartala),NH-8,Churaibari Gate - Teliamura - Agartala Arterial,Tripura Plain / Low Hillocks,15,7,74,61,3,0.0,0.0,35.2,19.7,55,7267,14,0.0,215,0,Clear,15,8,Open
REC-00238,2026-09-27 08:26:00,Mizoram,Aizawl & Kolasib,NH-306,Vairengte Gateway - Hunthar Slope - Aizawl,North-South Structural Ridge,1208,38,56,38,8,95.1,291.4,86.9,20.4,89,8860,17,0.0,139,0,Rockfall,63,128,Open
REC-00239,2026-06-23 23:00:00,Meghalaya,East Jaintia Hills (Sonapur),NH-6,Sonapur Tunnel - Lukha River Gorge Lifeline,Severe Mudslide Karst Chokepoint,941,52,42,25,10,67.8,269.9,87.7,17.5,84,8397,13,0.0,105,1,Rockfall,66,106,Caution
REC-00240,2025-12-13 12:53:00,Arunachal Pradesh,Papum Pare (Itanagar),NH-415,Holongi - Itanagar - Naharlagun Arterial,Sub-Himalayan Foothills,366,24,69,60,5,12.2,20.9,44.9,23.7,30,4063,2,0.0,145,0,Clear,23,10,Open
REC-00241,2025-05-14 23:59:00,Arunachal Pradesh,Tawang & West Kameng,NH-13,"Bhalukpong - Bomdila - Sela Pass (4,170m)",Eastern Himalayan Alpine,2978,48,59,40,8,5.4,13.9,72.4,10.2,81,2650,17,0.0,110,0,Clear,35,12,Open
REC-00242,2025-04-10 01:37:00,Manipur,Imphal West (Imphal),NH-102,Imphal - Thoubal - Moreh Trans-Asian Highway,Manipur Central Valley,805,14,70,56,3,30.9,81.4,43.3,21.7,68,6344,38,0.0,33,0,Clear,22,4,Open
REC-00243,2025-11-25 10:35:00,Tripura,West Tripura (Agartala),NH-8,Churaibari Gate - Teliamura - Agartala Arterial,Tripura Plain / Low Hillocks,15,12,75,54,3,0.0,0.0,18.1,21.5,59,3007,13,0.0,137,0,Clear,7,11,Open
REC-00244,2026-07-24 08:55:00,Mizoram,Lunglei,NH-54,Thenzawl - Lunglei Southern Lifeline,Rugged Mountain Escarpment,1273,34,56,36,6,68.6,342.6,92.9,23.2,82,6814,19,0.0,131,1,Minor Slump & Slippage,52,53,Caution
REC-00245,2026-02-23 23:04:00,Manipur,Imphal West (Imphal),NH-102,Imphal - Thoubal - Moreh Trans-Asian Highway,Manipur Central Valley,706,14,69,49,3,0.0,0.0,25.7,11.7,64,6076,9,0.0,97,0,Clear,12,1,Open
REC-00246,2025-07-19 15:12:00,Arunachal Pradesh,Papum Pare (Itanagar),NH-415,Holongi - Itanagar - Naharlagun Arterial,Sub-Himalayan Foothills,293,23,60,48,5,112.6,564.0,89.6,28.3,82,6802,16,5.2,213,1,Severe Waterlogging,72,137,Caution
REC-00247,2026-04-13 22:03:00,Sikkim,Gangtok & Mangan,NH-10,Rangpo Border - 29th Mile Teesta Gorge - Gangtok,Teesta River Canyon Chokepoint,1751,51,50,24,10,0.6,1.8,59.6,20.6,75,2391,7,0.0,127,0,Clear,44,5,Open
REC-00248,2025-07-18 20:36:00,Sikkim,Gangtok & Mangan,NH-10,Rangpo Border - 29th Mile Teesta Gorge - Gangtok,Teesta River Canyon Chokepoint,1596,51,43,29,10,33.7,151.5,90.6,23.9,91,6329,8,0.0,58,0,Clear,46,11,Open
REC-00249,2026-06-15 23:20:00,Sikkim,Gangtok & Mangan,NH-10,Rangpo Border - 29th Mile Teesta Gorge - Gangtok,Teesta River Canyon Chokepoint,1679,40,47,20,10,17.7,76.6,75.6,20.9,85,8131,34,0.0,135,0,Clear,44,4,Open
REC-00250,2025-04-07 09:14:00,Mizoram,Aizawl & Kolasib,NH-306,Vairengte Gateway - Hunthar Slope - Aizawl,North-South Structural Ridge,1073,40,70,37,8,29.8,85.8,72.7,17.6,92,3334,21,0.0,157,0,Clear,43,9,Open
REC-00251,2026-05-15 18:58:00,Assam,Dima Hasao (Haflong),NH-27,Haflong Hill Section - Jatinga Valley,Rugged Mountain Range,871,38,53,42,9,44.2,93.0,71.8,23.5,76,2362,6,0.0,89,0,Clear,46,1,Open
REC-00252,2026-03-23 13:26:00,Mizoram,Lunglei,NH-54,Thenzawl - Lunglei Southern Lifeline,Rugged Mountain Escarpment,1353,26,61,43,6,0.0,0.0,37.1,6.8,35,1686,5,0.0,192,0,Clear,25,7,Open
REC-00253,2025-05-22 21:46:00,Meghalaya,East Jaintia Hills (Sonapur),NH-6,Sonapur Tunnel - Lukha River Gorge Lifeline,Severe Mudslide Karst Chokepoint,875,41,46,29,10,91.5,261.1,59.3,22.1,67,3225,16,0.0,138,1,Rockfall,64,93,Caution
REC-00254,2026-08-06 17:12:00,Meghalaya,East Jaintia Hills (Sonapur),NH-6,Sonapur Tunnel - Lukha River Gorge Lifeline,Severe Mudslide Karst Chokepoint,803,43,42,24,10,92.1,365.0,78.2,26.8,83,7846,17,0.0,143,1,Rockfall,66,142,Caution
REC-00255,2025-04-25 09:10:00,Nagaland,Kohima & Dimapur,NH-29,Dimapur Bypass - Pagla Pahar - Kohima Ridge,Active Tectonic Sinking Zone,1467,47,56,39,9,59.5,189.6,58.4,17.7,65,4071,12,0.0,87,0,Clear,54,4,Open
REC-00256,2025-04-15 10:44:00,Mizoram,Aizawl & Kolasib,NH-306,Vairengte Gateway - Hunthar Slope - Aizawl,North-South Structural Ridge,1058,41,57,27,8,59.8,175.0,54.3,19.9,84,5037,23,0.0,5,0,Clear,45,12,Open
REC-00257,2025-12-18 05:03:00,Assam,Cachar (Silchar),NH-37 / NH-6,Silchar - Badarpur - Kalain Pass,Barak Valley Floodplain,34,11,65,46,4,0.0,0.0,32.6,16.3,52,6701,18,0.0,239,0,Clear,12,12,Open
REC-00258,2026-02-18 15:55:00,Meghalaya,East Khasi Hills (Shillong),NH-6,Umiam - Mawlai - Shillong Peak Bypass,Highland Plateau,1346,29,70,53,6,0.0,0.0,43.2,14.7,84,165,18,0.0,150,0,Clear,27,0,Open
REC-00259,2025-06-03 20:16:00,Manipur,Noney & Tamenglong,NH-37,Noney Tupul - Makru Bridge Mountain Link,Steep Hillside Chokepoint,998,41,48,36,9,133.4,659.6,67.5,26.9,98,7236,12,0.0,98,1,Mudflow,72,546,Blocked
REC-00260,2026-06-11 09:58:00,Meghalaya,East Jaintia Hills (Sonapur),NH-6,Sonapur Tunnel - Lukha River Gorge Lifeline,Severe Mudslide Karst Chokepoint,835,43,55,19,10,42.1,181.7,77.0,25.9,89,3062,9,0.0,99,1,Rockfall,60,97,Caution
REC-00261,2026-02-20 02:35:00,Arunachal Pradesh,Tawang & West Kameng,NH-13,"Bhalukpong - Bomdila - Sela Pass (4,170m)",Eastern Himalayan Alpine,3084,45,61,35,8,0.0,0.0,42.7,-4.9,76,5770,33,0.0,236,0,Clear,31,6,Open
REC-00262,2025-08-13 05:01:00,Meghalaya,East Khasi Hills (Shillong),NH-6,Umiam - Mawlai - Shillong Peak Bypass,Highland Plateau,1488,32,70,53,6,69.8,230.4,68.3,26.1,82,6686,26,0.0,169,1,Minor Slump & Slippage,48,60,Caution
REC-00263,2025-09-15 06:14:00,Meghalaya,East Jaintia Hills (Sonapur),NH-6,Sonapur Tunnel - Lukha River Gorge Lifeline,Severe Mudslide Karst Chokepoint,880,52,40,24,10,41.8,108.5,82.2,25.9,86,4151,2,5.2,240,1,Landslide,64,414,Blocked
REC-00264,2026-06-12 12:49:00,Manipur,Imphal West (Imphal),NH-102,Imphal - Thoubal - Moreh Trans-Asian Highway,Manipur Central Valley,865,13,70,40,3,135.9,494.8,86.2,23.0,83,9405,6,2.8,47,1,Severe Waterlogging,66,55,Caution
REC-00265,2026-09-11 20:03:00,Nagaland,Mokokchung,NH-702,Amguri - Tuli - Mokokchung Industrial Corridor,Hilly Ridge Crest,1337,24,60,44,5,41.5,127.4,62.7,24.4,94,1693,19,0.0,175,0,Clear,35,3,Open
REC-00266,2026-10-12 04:25:00,Arunachal Pradesh,Tawang & West Kameng,NH-13,"Bhalukpong - Bomdila - Sela Pass (4,170m)",Eastern Himalayan Alpine,3009,42,53,41,8,0.0,0.0,40.8,-3.4,69,3486,15,0.0,141,0,Clear,32,12,Open
REC-00267,2026-04-23 17:24:00,Arunachal Pradesh,Tawang & West Kameng,NH-13,"Bhalukpong - Bomdila - Sela Pass (4,170m)",Eastern Himalayan Alpine,2696,46,60,33,8,39.7,90.1,62.5,9.7,88,1640,7,0.0,144,0,Clear,47,6,Open
REC-00268,2025-12-16 00:29:00,Assam,Kamrup Metropolitan (Guwahati),NH-27,Guwahati - Saraighat - Rangia Corridor,Valley River Basin,49,5,88,65,2,0.0,0.0,38.6,17.8,60,8234,11,0.0,133,0,Clear,7,6,Open
REC-00269,2025-10-07 04:03:00,Assam,Cachar (Silchar),NH-37 / NH-6,Silchar - Badarpur - Kalain Pass,Barak Valley Floodplain,31,13,61,41,4,0.0,0.0,26.3,16.0,65,2236,21,0.0,138,0,Clear,13,5,Open
REC-00270,2026-04-04 01:05:00,Sikkim,Pakyong (Airport Corridor),NH-717A,Rorathang - Pakyong Multi-Modal Link,Hill Slope Terraces,1427,28,58,36,7,0.0,0.0,45.9,17.2,94,8513,11,0.0,103,0,Clear,25,6,Open
REC-00271,2025-07-21 18:46:00,Assam,Cachar (Silchar),NH-37 / NH-6,Silchar - Badarpur - Kalain Pass,Barak Valley Floodplain,31,13,67,49,4,119.8,331.0,80.4,28.0,86,7796,8,0.0,86,0,Clear,57,15,Open
REC-00272,2025-10-02 19:14:00,Tripura,West Tripura (Agartala),NH-8,Churaibari Gate - Teliamura - Agartala Arterial,Tripura Plain / Low Hillocks,15,8,83,56,3,0.0,0.0,44.4,17.0,57,4196,23,0.0,5,0,Clear,13,6,Open
REC-00273,2025-12-17 02:19:00,Mizoram,Aizawl & Kolasib,NH-306,Vairengte Gateway - Hunthar Slope - Aizawl,North-South Structural Ridge,1087,33,57,43,8,0.0,0.0,33.9,13.1,55,1277,16,0.0,85,0,Clear,26,4,Open
REC-00274,2025-09-07 20:29:00,Tripura,West Tripura (Agartala),NH-8,Churaibari Gate - Teliamura - Agartala Arterial,Tripura Plain / Low Hillocks,15,5,84,54,3,66.9,346.3,73.2,31.7,86,5704,2,0.0,86,0,Clear,41,10,Open
REC-00275,2025-06-07 04:17:00,Nagaland,Kohima & Dimapur,NH-29,Dimapur Bypass - Pagla Pahar - Kohima Ridge,Active Tectonic Sinking Zone,1429,37,53,31,9,87.1,315.8,74.3,21.7,83,2714,22,0.0,44,0,Rockfall,59,175,Open
REC-00276,2025-11-08 16:19:00,Mizoram,Aizawl & Kolasib,NH-306,Vairengte Gateway - Hunthar Slope - Aizawl,North-South Structural Ridge,1170,28,56,41,8,1.6,1.7,41.0,10.2,56,8992,18,0.0,165,0,Clear,24,3,Open
REC-00277,2025-10-28 23:02:00,Meghalaya,East Jaintia Hills (Sonapur),NH-6,Sonapur Tunnel - Lukha River Gorge Lifeline,Severe Mudslide Karst Chokepoint,889,53,36,25,10,0.0,0.0,50.1,10.6,53,2226,5,0.0,229,0,Clear,44,6,Open
REC-00278,2025-10-23 06:18:00,Mizoram,Lunglei,NH-54,Thenzawl - Lunglei Southern Lifeline,Rugged Mountain Escarpment,1239,35,56,35,6,0.0,0.0,37.4,11.6,49,1049,23,0.0,100,0,Clear,25,9,Open
REC-00279,2025-09-23 02:19:00,Manipur,Imphal West (Imphal),NH-102,Imphal - Thoubal - Moreh Trans-Asian Highway,Manipur Central Valley,834,17,73,54,3,171.9,746.0,76.3,26.0,95,1681,10,0.0,47,1,Severe Waterlogging,59,159,Caution
REC-00280,2026-02-14 10:52:00,Nagaland,Kohima & Dimapur,NH-29,Dimapur Bypass - Pagla Pahar - Kohima Ridge,Active Tectonic Sinking Zone,1457,34,48,24,9,4.7,8.5,54.9,12.3,67,2393,21,0.0,82,0,Clear,33,7,Open
REC-00281,2025-12-21 11:25:00,Meghalaya,East Jaintia Hills (Sonapur),NH-6,Sonapur Tunnel - Lukha River Gorge Lifeline,Severe Mudslide Karst Chokepoint,863,48,39,30,10,8.3,11.0,40.7,14.6,46,3598,19,0.0,74,0,Clear,38,3,Open
REC-00282,2025-06-12 09:34:00,Mizoram,Lunglei,NH-54,Thenzawl - Lunglei Southern Lifeline,Rugged Mountain Escarpment,1279,32,61,33,6,6.7,21.5,85.2,23.8,88,4211,18,0.0,46,0,Clear,32,2,Open
REC-00283,2025-07-27 18:38:00,Tripura,West Tripura (Agartala),NH-8,Churaibari Gate - Teliamura - Agartala Arterial,Tripura Plain / Low Hillocks,16,18,78,58,3,55.9,217.4,64.5,33.0,82,7008,15,0.0,106,0,Clear,39,0,Open
REC-00284,2025-08-31 14:34:00,Meghalaya,East Jaintia Hills (Sonapur),NH-6,Sonapur Tunnel - Lukha River Gorge Lifeline,Severe Mudslide Karst Chokepoint,1030,45,37,38,10,49.0,188.2,95.4,29.5,92,5789,30,0.0,50,0,Clear,55,12,Open
REC-00285,2026-01-27 01:23:00,Meghalaya,East Jaintia Hills (Sonapur),NH-6,Sonapur Tunnel - Lukha River Gorge Lifeline,Severe Mudslide Karst Chokepoint,890,49,47,21,10,0.0,0.0,28.2,12.1,70,5423,17,0.0,87,0,Clear,32,6,Open
REC-00286,2026-07-31 04:12:00,Arunachal Pradesh,Tawang & West Kameng,NH-13,"Bhalukpong - Bomdila - Sela Pass (4,170m)",Eastern Himalayan Alpine,2873,46,43,34,8,94.6,394.1,87.2,14.2,81,990,11,2.5,107,0,Rockfall,78,224,Open
REC-00287,2026-07-11 22:38:00,Sikkim,Gangtok & Mangan,NH-10,Rangpo Border - 29th Mile Teesta Gorge - Gangtok,Teesta River Canyon Chokepoint,1762,47,53,20,10,121.9,470.9,76.1,21.7,74,7759,5,0.0,71,1,Mudflow,72,675,Blocked
REC-00288,2025-05-09 18:30:00,Assam,Cachar (Silchar),NH-37 / NH-6,Silchar - Badarpur - Kalain Pass,Barak Valley Floodplain,34,9,72,49,4,41.7,116.2,73.0,24.9,80,5378,2,0.0,231,0,Clear,32,2,Open
REC-00289,2025-05-25 10:34:00,Mizoram,Aizawl & Kolasib,NH-306,Vairengte Gateway - Hunthar Slope - Aizawl,North-South Structural Ridge,1160,27,51,37,8,30.0,75.5,43.4,21.5,52,5627,13,0.0,135,0,Clear,33,15,Open
REC-00290,2025-05-23 21:18:00,Arunachal Pradesh,Tawang & West Kameng,NH-13,"Bhalukpong - Bomdila - Sela Pass (4,170m)",Eastern Himalayan Alpine,3299,47,57,43,8,21.5,63.0,51.2,5.8,65,2971,8,0.0,112,0,Clear,36,4,Open
REC-00291,2026-04-14 05:16:00,Sikkim,Pakyong (Airport Corridor),NH-717A,Rorathang - Pakyong Multi-Modal Link,Hill Slope Terraces,1345,45,69,34,7,28.7,58.9,49.2,16.6,68,3325,20,0.0,34,0,Clear,39,11,Open
REC-00292,2025-12-27 03:03:00,Assam,Cachar (Silchar),NH-37 / NH-6,Silchar - Badarpur - Kalain Pass,Barak Valley Floodplain,30,8,76,42,4,1.7,2.2,29.0,17.3,54,8575,13,0.0,193,0,Clear,10,1,Open
REC-00293,2026-09-27 20:22:00,Meghalaya,East Khasi Hills (Shillong),NH-6,Umiam - Mawlai - Shillong Peak Bypass,Highland Plateau,1594,29,70,46,6,91.5,491.2,61.7,21.5,95,7208,17,0.0,99,1,Severe Waterlogging,53,91,Caution
REC-00294,2026-10-13 00:43:00,Mizoram,Lunglei,NH-54,Thenzawl - Lunglei Southern Lifeline,Rugged Mountain Escarpment,1128,39,55,39,6,0.2,0.3,20.0,10.7,52,2306,16,4.2,152,0,Clear,31,3,Open
REC-00295,2025-08-12 12:42:00,Assam,Dima Hasao (Haflong),NH-27,Haflong Hill Section - Jatinga Valley,Rugged Mountain Range,994,39,59,25,9,70.7,347.1,67.6,27.5,89,2040,2,0.0,16,0,Rockfall,60,78,Open
REC-00296,2025-06-03 12:24:00,Manipur,Noney & Tamenglong,NH-37,Noney Tupul - Makru Bridge Mountain Link,Steep Hillside Chokepoint,972,46,50,30,9,25.5,89.2,99.0,19.9,95,7232,14,0.0,86,0,Clear,48,3,Open
REC-00297,2025-12-22 03:02:00,Sikkim,Pakyong (Airport Corridor),NH-717A,Rorathang - Pakyong Multi-Modal Link,Hill Slope Terraces,1441,39,62,40,7,2.8,3.5,15.0,12.0,63,219,9,0.0,115,1,Minor Slump & Slippage,20,55,Caution
REC-00298,2026-10-06 07:00:00,Assam,Dima Hasao (Haflong),NH-27,Haflong Hill Section - Jatinga Valley,Rugged Mountain Range,728,35,42,34,9,0.0,0.0,35.9,12.2,49,1704,19,0.0,145,0,Clear,28,2,Open
REC-00299,2026-01-22 20:12:00,Sikkim,Pakyong (Airport Corridor),NH-717A,Rorathang - Pakyong Multi-Modal Link,Hill Slope Terraces,1471,31,60,47,7,0.1,0.1,40.6,7.8,72,3904,16,0.0,153,0,Clear,24,2,Open
REC-00300,2026-08-25 17:53:00,Mizoram,Aizawl & Kolasib,NH-306,Vairengte Gateway - Hunthar Slope - Aizawl,North-South Structural Ridge,1201,35,50,33,8,109.4,278.9,57.9,21.7,84,4268,18,0.0,36,1,Severe Waterlogging,62,54,Caution
REC-00301,2026-08-14 20:01:00,Meghalaya,East Jaintia Hills (Sonapur),NH-6,Sonapur Tunnel - Lukha River Gorge Lifeline,Severe Mudslide Karst Chokepoint,878,45,45,28,10,112.7,441.1,84.7,26.7,86,5835,16,0.0,187,1,Rockfall,74,89,Caution
REC-00302,2025-11-12 02:51:00,Tripura,West Tripura (Agartala),NH-8,Churaibari Gate - Teliamura - Agartala Arterial,Tripura Plain / Low Hillocks,16,14,80,57,3,1.4,2.6,34.2,15.8,42,4293,11,0.0,74,0,Clear,15,13,Open
REC-00303,2026-04-14 17:10:00,Arunachal Pradesh,Tawang & West Kameng,NH-13,"Bhalukpong - Bomdila - Sela Pass (4,170m)",Eastern Himalayan Alpine,3325,39,51,38,8,0.0,0.0,72.9,1.6,90,1056,16,5.2,103,1,Landslide,43,585,Blocked
REC-00304,2025-08-08 06:09:00,Tripura,West Tripura (Agartala),NH-8,Churaibari Gate - Teliamura - Agartala Arterial,Tripura Plain / Low Hillocks,16,7,76,64,3,132.7,586.5,71.8,33.4,86,8990,15,0.0,215,0,Clear,57,7,Open
REC-00305,2025-07-30 16:06:00,Arunachal Pradesh,Papum Pare (Itanagar),NH-415,Holongi - Itanagar - Naharlagun Arterial,Sub-Himalayan Foothills,318,22,68,60,5,0.0,0.0,68.5,28.7,79,1669,18,0.0,220,0,Clear,26,1,Open
REC-00306,2026-04-08 09:13:00,Assam,Cachar (Silchar),NH-37 / NH-6,Silchar - Badarpur - Kalain Pass,Barak Valley Floodplain,35,10,71,46,4,58.3,140.4,46.3,25.4,90,3681,2,0.0,190,0,Clear,31,14,Open
REC-00307,2026-06-04 06:47:00,Mizoram,Lunglei,NH-54,Thenzawl - Lunglei Southern Lifeline,Rugged Mountain Escarpment,1261,33,59,47,6,47.3,228.8,74.0,18.8,86,6952,16,0.0,105,0,Clear,48,5,Open
REC-00308,2026-04-18 04:29:00,Nagaland,Mokokchung,NH-702,Amguri - Tuli - Mokokchung Industrial Corridor,Hilly Ridge Crest,1341,29,62,49,5,58.5,164.3,32.4,17.0,47,3036,11,0.0,59,0,Clear,36,9,Open
REC-00309,2025-09-22 18:35:00,Arunachal Pradesh,Tawang & West Kameng,NH-13,"Bhalukpong - Bomdila - Sela Pass (4,170m)",Eastern Himalayan Alpine,3102,38,63,40,8,76.7,388.9,78.6,9.2,65,5373,22,0.0,125,1,Rockfall,64,206,Caution
REC-00310,2026-06-02 01:02:00,Assam,Kamrup Metropolitan (Guwahati),NH-27,Guwahati - Saraighat - Rangia Corridor,Valley River Basin,51,9,90,71,2,166.5,911.4,80.8,33.1,78,2405,2,0.0,124,1,Severe Waterlogging,58,78,Caution
REC-00311,2026-01-28 07:41:00,Nagaland,Kohima & Dimapur,NH-29,Dimapur Bypass - Pagla Pahar - Kohima Ridge,Active Tectonic Sinking Zone,1298,41,48,36,9,0.0,0.0,32.1,3.6,48,3071,3,0.0,32,0,Clear,33,0,Open
REC-00312,2026-04-30 22:21:00,Assam,Dima Hasao (Haflong),NH-27,Haflong Hill Section - Jatinga Valley,Rugged Mountain Range,859,35,53,24,9,4.4,12.6,57.6,19.6,66,2126,8,0.0,82,0,Clear,33,12,Open
REC-00313,2026-07-21 19:02:00,Nagaland,Kohima & Dimapur,NH-29,Dimapur Bypass - Pagla Pahar - Kohima Ridge,Active Tectonic Sinking Zone,1609,42,52,25,9,76.0,273.4,87.8,23.5,97,4709,35,0.0,61,1,Rockfall,56,117,Caution
REC-00314,2026-03-28 08:32:00,Mizoram,Lunglei,NH-54,Thenzawl - Lunglei Southern Lifeline,Rugged Mountain Escarpment,1102,34,54,43,6,0.0,0.0,43.5,13.7,59,9530,22,0.0,65,0,Clear,23,2,Open
REC-00315,2026-07-13 02:05:00,Arunachal Pradesh,Papum Pare (Itanagar),NH-415,Holongi - Itanagar - Naharlagun Arterial,Sub-Himalayan Foothills,327,25,82,51,5,43.2,232.2,86.0,30.8,92,3265,20,0.0,68,0,Clear,42,11,Open
REC-00316,2026-06-29 23:41:00,Sikkim,Gangtok & Mangan,NH-10,Rangpo Border - 29th Mile Teesta Gorge - Gangtok,Teesta River Canyon Chokepoint,1730,42,44,14,10,58.8,150.8,82.8,18.5,89,6416,13,0.0,135,0,Clear,52,14,Open
REC-00317,2026-02-06 18:08:00,Sikkim,Pakyong (Airport Corridor),NH-717A,Rorathang - Pakyong Multi-Modal Link,Hill Slope Terraces,1288,37,66,45,7,0.0,0.0,36.8,10.4,46,82,10,0.0,159,1,Dense Fog Blockage,29,130,Caution
REC-00318,2025-09-13 07:07:00,Meghalaya,East Jaintia Hills (Sonapur),NH-6,Sonapur Tunnel - Lukha River Gorge Lifeline,Severe Mudslide Karst Chokepoint,935,47,44,31,10,103.0,296.6,84.2,25.7,87,5992,18,0.0,115,1,Rockfall,71,97,Caution
REC-00319,2026-02-22 04:00:00,Sikkim,Pakyong (Airport Corridor),NH-717A,Rorathang - Pakyong Multi-Modal Link,Hill Slope Terraces,1342,32,67,38,7,0.0,0.0,36.6,14.4,37,3209,17,0.0,27,0,Clear,24,3,Open
REC-00320,2025-04-26 12:39:00,Mizoram,Aizawl & Kolasib,NH-306,Vairengte Gateway - Hunthar Slope - Aizawl,North-South Structural Ridge,1254,37,54,42,8,25.9,77.1,53.8,16.3,73,5353,11,0.0,221,0,Clear,32,12,Open
REC-00321,2026-08-16 10:38:00,Arunachal Pradesh,Papum Pare (Itanagar),NH-415,Holongi - Itanagar - Naharlagun Arterial,Sub-Himalayan Foothills,331,26,72,48,5,0.0,0.0,67.3,27.9,85,6908,21,0.0,124,0,Clear,27,13,Open
REC-00322,2026-01-21 05:51:00,Sikkim,Pakyong (Airport Corridor),NH-717A,Rorathang - Pakyong Multi-Modal Link,Hill Slope Terraces,1239,37,70,51,7,0.0,0.0,55.4,7.0,53,117,2,0.0,139,1,Minor Slump & Slippage,30,88,Caution
REC-00323,2026-05-30 05:35:00,Manipur,Noney & Tamenglong,NH-37,Noney Tupul - Makru Bridge Mountain Link,Steep Hillside Chokepoint,1026,49,48,36,9,14.2,34.7,30.0,18.6,60,5747,23,0.0,94,0,Clear,37,0,Open
REC-00324,2025-12-25 09:40:00,Meghalaya,East Jaintia Hills (Sonapur),NH-6,Sonapur Tunnel - Lukha River Gorge Lifeline,Severe Mudslide Karst Chokepoint,818,50,41,25,10,0.0,0.0,23.0,12.0,34,2755,8,0.0,5,0,Clear,32,15,Open
REC-00325,2025-12-21 20:43:00,Sikkim,Gangtok & Mangan,NH-10,Rangpo Border - 29th Mile Teesta Gorge - Gangtok,Teesta River Canyon Chokepoint,1422,46,38,23,10,0.0,0.0,43.8,9.2,64,217,16,0.0,144,1,Minor Slump & Slippage,39,48,Caution
REC-00326,2026-09-25 20:59:00,Mizoram,Aizawl & Kolasib,NH-306,Vairengte Gateway - Hunthar Slope - Aizawl,North-South Structural Ridge,1010,37,52,34,8,91.2,399.8,85.0,27.3,88,5980,19,0.0,39,1,Rockfall,70,63,Caution
REC-00327,2026-09-13 09:23:00,Meghalaya,East Jaintia Hills (Sonapur),NH-6,Sonapur Tunnel - Lukha River Gorge Lifeline,Severe Mudslide Karst Chokepoint,915,50,38,19,10,98.6,476.9,62.8,21.3,97,9953,13,0.0,155,1,Rockfall,71,89,Caution
REC-00328,2026-07-16 02:07:00,Sikkim,Gangtok & Mangan,NH-10,Rangpo Border - 29th Mile Teesta Gorge - Gangtok,Teesta River Canyon Chokepoint,1766,53,49,29,10,107.8,424.6,61.4,15.7,85,9370,14,0.0,65,0,Rockfall,75,118,Open
REC-00329,2025-08-07 06:08:00,Mizoram,Aizawl & Kolasib,NH-306,Vairengte Gateway - Hunthar Slope - Aizawl,North-South Structural Ridge,1145,36,62,32,8,152.4,829.6,66.9,21.9,94,4017,14,0.0,139,1,Flash Flood,73,369,Blocked
REC-00330,2025-06-07 09:42:00,Assam,Cachar (Silchar),NH-37 / NH-6,Silchar - Badarpur - Kalain Pass,Barak Valley Floodplain,32,13,66,49,4,85.2,244.6,82.3,35.3,79,1279,27,0.0,182,0,Clear,48,7,Open
REC-00331,2025-07-11 18:48:00,Assam,Dima Hasao (Haflong),NH-27,Haflong Hill Section - Jatinga Valley,Rugged Mountain Range,927,46,47,30,9,109.9,279.4,83.3,19.4,93,2416,9,0.0,222,0,Rockfall,70,232,Open
REC-00332,2025-10-03 11:24:00,Meghalaya,East Khasi Hills (Shillong),NH-6,Umiam - Mawlai - Shillong Peak Bypass,Highland Plateau,1471,36,73,49,6,0.0,0.0,20.8,5.5,66,6718,12,0.0,103,0,Clear,24,9,Open
REC-00333,2026-02-14 21:53:00,Sikkim,Pakyong (Airport Corridor),NH-717A,Rorathang - Pakyong Multi-Modal Link,Hill Slope Terraces,1365,36,57,35,7,0.0,0.0,30.0,10.7,77,3737,6,4.5,91,1,Landslide,33,241,Blocked
REC-00334,2026-05-10 12:44:00,Meghalaya,East Jaintia Hills (Sonapur),NH-6,Sonapur Tunnel - Lukha River Gorge Lifeline,Severe Mudslide Karst Chokepoint,886,51,52,23,10,15.2,47.1,56.3,19.9,76,7423,24,0.0,199,0,Clear,41,12,Open
REC-00335,2026-08-01 21:38:00,Nagaland,Kohima & Dimapur,NH-29,Dimapur Bypass - Pagla Pahar - Kohima Ridge,Active Tectonic Sinking Zone,1520,43,53,33,9,47.3,253.1,93.9,24.2,87,4581,20,0.0,138,1,Rockfall,58,105,Caution
REC-00336,2026-03-01 04:19:00,Nagaland,Mokokchung,NH-702,Amguri - Tuli - Mokokchung Industrial Corridor,Hilly Ridge Crest,1345,20,61,45,5,0.0,0.0,49.8,10.4,64,8832,25,0.0,14,0,Clear,21,1,Open
REC-00337,2025-07-31 12:28:00,Sikkim,Gangtok & Mangan,NH-10,Rangpo Border - 29th Mile Teesta Gorge - Gangtok,Teesta River Canyon Chokepoint,1684,52,48,17,10,47.7,185.0,90.9,19.4,97,3489,9,0.0,121,1,Rockfall,58,206,Caution
REC-00338,2026-08-01 17:54:00,Tripura,West Tripura (Agartala),NH-8,Churaibari Gate - Teliamura - Agartala Arterial,Tripura Plain / Low Hillocks,15,7,80,60,3,6.1,18.1,89.3,30.0,90,5460,2,0.0,137,0,Clear,19,0,Open
REC-00339,2026-04-25 03:27:00,Mizoram,Lunglei,NH-54,Thenzawl - Lunglei Southern Lifeline,Rugged Mountain Escarpment,1159,30,57,40,6,11.8,27.0,71.7,15.8,67,1873,16,0.0,98,0,Clear,31,13,Open
REC-00340,2025-04-21 22:30:00,Manipur,Noney & Tamenglong,NH-37,Noney Tupul - Makru Bridge Mountain Link,Steep Hillside Chokepoint,901,45,46,29,9,3.1,8.1,74.6,20.6,70,4173,10,0.0,17,0,Clear,43,11,Open
REC-00341,2025-10-24 15:40:00,Sikkim,Gangtok & Mangan,NH-10,Rangpo Border - 29th Mile Teesta Gorge - Gangtok,Teesta River Canyon Chokepoint,1640,51,42,17,10,0.0,0.0,41.7,9.9,42,4500,13,0.0,212,0,Clear,35,8,Open
REC-00342,2026-09-26 15:27:00,Assam,Dima Hasao (Haflong),NH-27,Haflong Hill Section - Jatinga Valley,Rugged Mountain Range,1091,33,49,32,9,85.1,379.1,99.0,26.2,83,4078,8,0.0,143,1,Severe Waterlogging,69,92,Caution
REC-00343,2025-11-05 21:52:00,Tripura,West Tripura (Agartala),NH-8,Churaibari Gate - Teliamura - Agartala Arterial,Tripura Plain / Low Hillocks,15,4,84,64,3,0.0,0.0,25.4,15.1,68,1781,6,0.0,112,0,Clear,8,10,Open
REC-00344,2025-10-26 13:17:00,Assam,Dima Hasao (Haflong),NH-27,Haflong Hill Section - Jatinga Valley,Rugged Mountain Range,1064,36,56,19,9,0.0,0.0,45.2,11.8,54,3944,28,0.0,138,0,Clear,25,6,Open
REC-00345,2026-01-05 04:01:00,Arunachal Pradesh,Tawang & West Kameng,NH-13,"Bhalukpong - Bomdila - Sela Pass (4,170m)",Eastern Himalayan Alpine,2920,51,59,39,8,0.0,0.0,45.2,-6.1,50,1126,30,0.0,163,0,Clear,41,2,Open
REC-00346,2025-08-22 07:07:00,Nagaland,Mokokchung,NH-702,Amguri - Tuli - Mokokchung Industrial Corridor,Hilly Ridge Crest,1253,23,63,50,5,38.3,161.4,76.9,24.3,87,8933,4,0.0,122,0,Clear,36,12,Open
REC-00347,2026-06-08 06:09:00,Manipur,Imphal West (Imphal),NH-102,Imphal - Thoubal - Moreh Trans-Asian Highway,Manipur Central Valley,854,18,65,60,3,89.5,297.5,86.3,27.5,74,2650,10,0.0,177,0,Clear,52,11,Open
REC-00348,2025-04-22 20:57:00,Mizoram,Aizawl & Kolasib,NH-306,Vairengte Gateway - Hunthar Slope - Aizawl,North-South Structural Ridge,1261,33,66,32,8,15.8,41.8,72.0,18.3,57,9855,8,0.0,60,0,Clear,34,7,Open
REC-00349,2026-05-03 00:58:00,Sikkim,Pakyong (Airport Corridor),NH-717A,Rorathang - Pakyong Multi-Modal Link,Hill Slope Terraces,1590,35,59,40,7,80.5,248.4,51.6,13.6,63,3425,23,0.0,77,1,Severe Waterlogging,58,170,Caution
REC-00350,2026-05-28 10:45:00,Tripura,West Tripura (Agartala),NH-8,Churaibari Gate - Teliamura - Agartala Arterial,Tripura Plain / Low Hillocks,15,12,84,60,3,35.6,85.1,66.0,28.3,69,9773,17,0.0,106,0,Clear,28,14,Open
REC-00351,2025-04-04 12:12:00,Meghalaya,East Jaintia Hills (Sonapur),NH-6,Sonapur Tunnel - Lukha River Gorge Lifeline,Severe Mudslide Karst Chokepoint,961,55,50,22,10,10.0,19.2,50.6,18.9,79,2931,20,0.0,45,0,Clear,42,10,Open
REC-00352,2025-10-21 02:26:00,Mizoram,Aizawl & Kolasib,NH-306,Vairengte Gateway - Hunthar Slope - Aizawl,North-South Structural Ridge,1251,35,52,49,8,0.0,0.0,27.3,9.6,38,1176,24,0.0,79,0,Clear,28,5,Open
REC-00353,2026-05-16 19:27:00,Assam,Cachar (Silchar),NH-37 / NH-6,Silchar - Badarpur - Kalain Pass,Barak Valley Floodplain,36,16,71,45,4,61.8,163.2,82.3,28.8,95,8233,14,0.0,77,0,Clear,46,8,Open
REC-00354,2026-08-20 12:08:00,Mizoram,Aizawl & Kolasib,NH-306,Vairengte Gateway - Hunthar Slope - Aizawl,North-South Structural Ridge,1001,36,61,34,8,37.2,117.1,84.8,27.0,93,3191,35,0.0,149,0,Clear,42,2,Open
REC-00355,2026-07-25 04:55:00,Assam,Kamrup Metropolitan (Guwahati),NH-27,Guwahati - Saraighat - Rangia Corridor,Valley River Basin,53,2,77,68,2,32.7,113.5,76.7,31.5,76,2361,7,0.0,251,0,Clear,25,1,Open
REC-00356,2025-12-16 16:39:00,Assam,Kamrup Metropolitan (Guwahati),NH-27,Guwahati - Saraighat - Rangia Corridor,Valley River Basin,55,7,79,68,2,0.0,0.0,32.5,18.3,49,6357,18,0.0,155,0,Clear,10,3,Open
REC-00357,2025-05-16 04:31:00,Mizoram,Lunglei,NH-54,Thenzawl - Lunglei Southern Lifeline,Rugged Mountain Escarpment,1186,37,52,41,6,57.8,164.6,39.5,15.9,80,5121,5,0.0,113,0,Clear,47,14,Open
REC-00358,2025-10-11 04:03:00,Assam,Cachar (Silchar),NH-37 / NH-6,Silchar - Badarpur - Kalain Pass,Barak Valley Floodplain,32,21,68,42,4,0.1,0.1,31.1,17.6,51,1468,2,0.0,184,0,Clear,17,11,Open
REC-00359,2025-10-26 09:11:00,Assam,Dima Hasao (Haflong),NH-27,Haflong Hill Section - Jatinga Valley,Rugged Mountain Range,871,36,58,42,9,0.0,0.0,29.4,10.9,61,867,3,0.0,107,0,Clear,25,0,Open
REC-00360,2025-08-03 12:23:00,Mizoram,Aizawl & Kolasib,NH-306,Vairengte Gateway - Hunthar Slope - Aizawl,North-South Structural Ridge,1153,37,59,45,8,0.0,0.0,99.0,26.3,83,8239,3,0.0,109,0,Clear,39,14,Open
REC-00361,2025-08-11 06:55:00,Mizoram,Lunglei,NH-54,Thenzawl - Lunglei Southern Lifeline,Rugged Mountain Escarpment,1234,37,58,41,6,126.6,439.2,86.3,23.2,90,7334,13,0.0,164,1,Landslide,71,386,Blocked
REC-00362,2025-09-05 03:19:00,Mizoram,Aizawl & Kolasib,NH-306,Vairengte Gateway - Hunthar Slope - Aizawl,North-South Structural Ridge,1081,41,53,38,8,108.1,429.4,65.5,27.5,93,6820,22,0.0,5,1,Rockfall,68,168,Caution
REC-00363,2025-10-08 13:40:00,Nagaland,Kohima & Dimapur,NH-29,Dimapur Bypass - Pagla Pahar - Kohima Ridge,Active Tectonic Sinking Zone,1472,46,53,32,9,0.0,0.0,28.9,10.1,66,9396,21,0.0,96,0,Clear,30,4,Open
REC-00364,2025-12-11 16:27:00,Mizoram,Aizawl & Kolasib,NH-306,Vairengte Gateway - Hunthar Slope - Aizawl,North-South Structural Ridge,1206,38,68,33,8,0.0,0.0,37.7,13.2,56,4951,20,0.0,31,0,Clear,29,14,Open
REC-00365,2025-10-04 12:02:00,Arunachal Pradesh,Tawang & West Kameng,NH-13,"Bhalukpong - Bomdila - Sela Pass (4,170m)",Eastern Himalayan Alpine,2884,40,57,46,8,7.0,9.1,25.6,-1.4,48,3866,34,0.0,270,0,Clear,34,13,Open
REC-00366,2025-04-06 12:07:00,Assam,Kamrup Metropolitan (Guwahati),NH-27,Guwahati - Saraighat - Rangia Corridor,Valley River Basin,58,7,75,61,2,61.4,150.1,61.8,21.6,57,5761,2,0.0,10,0,Clear,28,4,Open
REC-00367,2025-04-15 06:07:00,Meghalaya,East Jaintia Hills (Sonapur),NH-6,Sonapur Tunnel - Lukha River Gorge Lifeline,Severe Mudslide Karst Chokepoint,970,48,43,30,10,38.0,111.8,56.8,20.8,64,9624,18,0.0,98,0,Clear,49,5,Open
REC-00368,2026-06-30 15:30:00,Meghalaya,East Jaintia Hills (Sonapur),NH-6,Sonapur Tunnel - Lukha River Gorge Lifeline,Severe Mudslide Karst Chokepoint,1018,45,38,29,10,113.8,367.3,83.3,26.8,83,2482,5,0.0,50,0,Rockfall,71,184,Open
REC-00369,2026-08-11 16:37:00,Nagaland,Mokokchung,NH-702,Amguri - Tuli - Mokokchung Industrial Corridor,Hilly Ridge Crest,1376,25,63,55,5,32.6,152.4,99.0,23.5,81,5974,14,0.0,110,0,Clear,40,11,Open
REC-00370,2026-06-21 00:10:00,Sikkim,Pakyong (Airport Corridor),NH-717A,Rorathang - Pakyong Multi-Modal Link,Hill Slope Terraces,1425,38,62,49,7,58.0,204.8,88.3,21.5,88,8475,18,0.0,156,0,Clear,51,15,Open
REC-00371,2025-10-30 09:44:00,Arunachal Pradesh,Tawang & West Kameng,NH-13,"Bhalukpong - Bomdila - Sela Pass (4,170m)",Eastern Himalayan Alpine,3165,43,51,22,8,0.0,0.0,20.6,-3.3,60,7615,22,0.0,95,0,Clear,27,5,Open
REC-00372,2026-08-29 01:51:00,Arunachal Pradesh,Tawang & West Kameng,NH-13,"Bhalukpong - Bomdila - Sela Pass (4,170m)",Eastern Himalayan Alpine,3174,46,65,33,8,92.1,247.8,69.4,11.3,92,6620,21,0.0,129,1,Rockfall,57,214,Caution
REC-00373,2025-05-22 14:51:00,Meghalaya,East Khasi Hills (Shillong),NH-6,Umiam - Mawlai - Shillong Peak Bypass,Highland Plateau,1628,33,79,51,6,0.0,0.0,67.7,9.5,84,1487,9,0.0,118,0,Clear,28,15,Open
REC-00374,2025-09-05 20:23:00,Meghalaya,East Khasi Hills (Shillong),NH-6,Umiam - Mawlai - Shillong Peak Bypass,Highland Plateau,1407,33,69,49,6,0.0,0.0,94.6,23.1,99,8560,8,0.0,94,0,Clear,37,11,Open
REC-00375,2025-09-03 16:26:00,Manipur,Imphal West (Imphal),NH-102,Imphal - Thoubal - Moreh Trans-Asian Highway,Manipur Central Valley,719,18,62,48,3,70.7,267.7,76.7,26.4,99,6727,22,0.0,97,0,Clear,47,12,Open
REC-00376,2026-06-19 01:25:00,Arunachal Pradesh,Tawang & West Kameng,NH-13,"Bhalukpong - Bomdila - Sela Pass (4,170m)",Eastern Himalayan Alpine,3116,44,54,45,8,82.3,393.2,74.3,9.1,78,9316,4,0.0,10,1,Rockfall,60,140,Caution
REC-00377,2025-04-09 08:57:00,Nagaland,Kohima & Dimapur,NH-29,Dimapur Bypass - Pagla Pahar - Kohima Ridge,Active Tectonic Sinking Zone,1469,33,53,29,9,0.0,0.0,54.1,15.2,64,8044,8,0.0,5,0,Clear,31,10,Open
REC-00378,2025-08-08 16:34:00,Nagaland,Mokokchung,NH-702,Amguri - Tuli - Mokokchung Industrial Corridor,Hilly Ridge Crest,1148,27,59,56,5,76.7,257.1,92.6,24.9,93,9646,15,0.0,125,0,Severe Waterlogging,44,60,Open
REC-00379,2025-12-22 20:32:00,Nagaland,Kohima & Dimapur,NH-29,Dimapur Bypass - Pagla Pahar - Kohima Ridge,Active Tectonic Sinking Zone,1387,46,47,36,9,0.0,0.0,32.0,2.2,49,9537,20,0.0,125,0,Clear,28,4,Open
REC-00380,2026-09-15 23:15:00,Nagaland,Mokokchung,NH-702,Amguri - Tuli - Mokokchung Industrial Corridor,Hilly Ridge Crest,1210,30,62,42,5,107.8,331.8,89.4,26.2,89,7551,16,0.0,130,1,Severe Waterlogging,59,177,Caution
REC-00381,2025-12-27 18:31:00,Nagaland,Mokokchung,NH-702,Amguri - Tuli - Mokokchung Industrial Corridor,Hilly Ridge Crest,1086,27,67,53,5,0.0,0.0,43.9,8.4,44,3468,16,0.0,144,0,Clear,24,6,Open
REC-00382,2026-07-29 01:47:00,Sikkim,Pakyong (Airport Corridor),NH-717A,Rorathang - Pakyong Multi-Modal Link,Hill Slope Terraces,1505,40,63,51,7,47.9,142.3,61.0,24.1,81,5544,18,2.9,5,0,Clear,53,4,Open
REC-00383,2026-06-06 01:59:00,Meghalaya,East Jaintia Hills (Sonapur),NH-6,Sonapur Tunnel - Lukha River Gorge Lifeline,Severe Mudslide Karst Chokepoint,815,50,39,32,10,139.3,438.3,69.1,28.3,91,1532,4,0.0,158,1,Mudflow,75,435,Blocked
REC-00384,2026-08-30 20:29:00,Meghalaya,East Jaintia Hills (Sonapur),NH-6,Sonapur Tunnel - Lukha River Gorge Lifeline,Severe Mudslide Karst Chokepoint,885,46,55,28,10,76.1,364.1,79.2,23.8,84,7144,6,0.0,60,1,Rockfall,65,225,Caution
REC-00385,2025-09-17 22:01:00,Assam,Dima Hasao (Haflong),NH-27,Haflong Hill Section - Jatinga Valley,Rugged Mountain Range,945,35,60,37,9,0.0,0.0,74.2,25.3,84,9677,11,0.0,110,0,Clear,36,5,Open
REC-00386,2026-01-07 06:15:00,Assam,Kamrup Metropolitan (Guwahati),NH-27,Guwahati - Saraighat - Rangia Corridor,Valley River Basin,54,4,87,56,2,0.0,0.0,31.9,17.2,50,8852,15,0.0,110,0,Clear,7,3,Open
REC-00387,2026-10-07 05:18:00,Meghalaya,East Khasi Hills (Shillong),NH-6,Umiam - Mawlai - Shillong Peak Bypass,Highland Plateau,1641,34,76,52,6,1.0,1.1,42.0,10.3,50,6129,19,0.0,206,0,Clear,27,3,Open
REC-00388,2025-10-25 07:48:00,Assam,Cachar (Silchar),NH-37 / NH-6,Silchar - Badarpur - Kalain Pass,Barak Valley Floodplain,34,15,70,41,4,0.0,0.0,30.2,17.2,40,6015,6,0.0,133,0,Clear,17,3,Open
REC-00389,2025-08-07 09:36:00,Manipur,Imphal West (Imphal),NH-102,Imphal - Thoubal - Moreh Trans-Asian Highway,Manipur Central Valley,833,24,67,55,3,41.6,154.8,94.3,21.5,93,4816,30,0.0,5,0,Clear,40,14,Open
REC-00390,2025-09-19 00:03:00,Mizoram,Aizawl & Kolasib,NH-306,Vairengte Gateway - Hunthar Slope - Aizawl,North-South Structural Ridge,1057,32,60,39,8,112.2,481.7,77.3,28.0,92,9161,13,0.0,154,1,Severe Waterlogging,65,116,Caution
REC-00391,2025-11-02 19:32:00,Sikkim,Gangtok & Mangan,NH-10,Rangpo Border - 29th Mile Teesta Gorge - Gangtok,Teesta River Canyon Chokepoint,1539,49,46,24,10,0.0,0.0,17.1,12.2,50,4829,10,0.0,74,0,Clear,34,0,Open
REC-00392,2025-04-05 00:43:00,Tripura,West Tripura (Agartala),NH-8,Churaibari Gate - Teliamura - Agartala Arterial,Tripura Plain / Low Hillocks,15,10,75,54,3,18.1,37.0,38.2,30.4,65,2070,21,0.0,206,0,Clear,18,12,Open
REC-00393,2026-05-02 05:53:00,Nagaland,Kohima & Dimapur,NH-29,Dimapur Bypass - Pagla Pahar - Kohima Ridge,Active Tectonic Sinking Zone,1506,37,60,35,9,29.4,53.3,37.0,16.8,45,1124,14,0.0,29,0,Clear,33,7,Open
REC-00394,2026-08-19 11:02:00,Manipur,Imphal West (Imphal),NH-102,Imphal - Thoubal - Moreh Trans-Asian Highway,Manipur Central Valley,796,16,64,50,3,7.1,23.7,94.9,27.9,80,5344,6,0.0,44,0,Clear,23,5,Open
REC-00395,2025-08-10 23:04:00,Assam,Dima Hasao (Haflong),NH-27,Haflong Hill Section - Jatinga Valley,Rugged Mountain Range,875,36,61,34,9,138.0,699.2,98.7,31.1,97,1178,26,0.0,115,1,Landslide,70,508,Blocked
REC-00396,2026-02-25 13:54:00,Assam,Cachar (Silchar),NH-37 / NH-6,Silchar - Badarpur - Kalain Pass,Barak Valley Floodplain,32,7,72,42,4,0.0,0.0,41.7,21.0,49,4478,31,0.0,159,0,Clear,11,0,Open
REC-00397,2026-06-08 02:58:00,Manipur,Imphal West (Imphal),NH-102,Imphal - Thoubal - Moreh Trans-Asian Highway,Manipur Central Valley,766,12,77,55,3,144.9,470.9,86.4,22.5,93,6277,15,0.0,121,1,Severe Waterlogging,59,178,Caution
REC-00398,2025-06-14 19:39:00,Manipur,Imphal West (Imphal),NH-102,Imphal - Thoubal - Moreh Trans-Asian Highway,Manipur Central Valley,906,17,70,56,3,46.3,177.8,83.7,24.9,99,1865,14,0.0,98,0,Clear,36,1,Open
REC-00399,2026-01-27 12:25:00,Assam,Cachar (Silchar),NH-37 / NH-6,Silchar - Badarpur - Kalain Pass,Barak Valley Floodplain,32,15,69,40,4,4.6,5.7,36.9,18.0,40,2459,3,0.0,239,0,Clear,18,2,Open
REC-00400,2025-08-08 20:32:00,Arunachal Pradesh,Papum Pare (Itanagar),NH-415,Holongi - Itanagar - Naharlagun Arterial,Sub-Himalayan Foothills,302,25,65,54,5,84.6,276.5,67.9,30.3,94,5906,11,0.0,33,0,Clear,53,4,Open
REC-00401,2026-07-25 09:38:00,Meghalaya,East Jaintia Hills (Sonapur),NH-6,Sonapur Tunnel - Lukha River Gorge Lifeline,Severe Mudslide Karst Chokepoint,834,52,55,28,10,41.2,104.0,90.0,27.6,77,9966,19,0.0,71,0,Clear,56,15,Open
REC-00402,2026-03-06 18:36:00,Sikkim,Pakyong (Airport Corridor),NH-717A,Rorathang - Pakyong Multi-Modal Link,Hill Slope Terraces,1381,28,59,38,7,0.0,0.0,26.1,10.3,48,1491,2,0.0,123,0,Clear,23,10,Open
REC-00403,2025-10-28 12:11:00,Nagaland,Mokokchung,NH-702,Amguri - Tuli - Mokokchung Industrial Corridor,Hilly Ridge Crest,1331,25,62,49,5,0.0,0.0,46.1,8.9,66,8015,17,0.0,194,0,Clear,23,8,Open
REC-00404,2026-03-14 17:15:00,Arunachal Pradesh,Tawang & West Kameng,NH-13,"Bhalukpong - Bomdila - Sela Pass (4,170m)",Eastern Himalayan Alpine,3021,43,61,36,8,0.1,0.2,40.9,-3.8,57,2618,11,0.0,155,0,Clear,33,13,Open
REC-00405,2025-07-31 04:56:00,Assam,Dima Hasao (Haflong),NH-27,Haflong Hill Section - Jatinga Valley,Rugged Mountain Range,906,40,57,28,9,113.5,598.4,83.8,20.5,82,4806,2,0.0,126,0,Rockfall,70,123,Open
REC-00406,2026-01-12 04:54:00,Assam,Cachar (Silchar),NH-37 / NH-6,Silchar - Badarpur - Kalain Pass,Barak Valley Floodplain,36,5,66,44,4,0.0,0.0,18.9,16.6,56,9142,10,0.0,82,0,Clear,6,15,Open
REC-00407,2026-07-30 08:37:00,Tripura,West Tripura (Agartala),NH-8,Churaibari Gate - Teliamura - Agartala Arterial,Tripura Plain / Low Hillocks,15,12,86,65,3,0.0,0.0,95.1,36.7,93,7286,15,0.0,181,0,Clear,22,2,Open
REC-00408,2026-06-30 16:22:00,Mizoram,Aizawl & Kolasib,NH-306,Vairengte Gateway - Hunthar Slope - Aizawl,North-South Structural Ridge,1080,39,60,40,8,83.9,267.7,93.6,22.8,90,8951,17,0.0,92,1,Rockfall,66,81,Caution
REC-00409,2026-08-27 16:34:00,Mizoram,Aizawl & Kolasib,NH-306,Vairengte Gateway - Hunthar Slope - Aizawl,North-South Structural Ridge,1152,38,50,39,8,16.1,85.0,68.2,24.9,90,4021,11,0.0,79,0,Clear,41,4,Open
REC-00410,2025-04-09 09:18:00,Manipur,Noney & Tamenglong,NH-37,Noney Tupul - Makru Bridge Mountain Link,Steep Hillside Chokepoint,894,44,51,26,9,56.7,167.3,63.2,18.6,60,9199,6,0.0,234,0,Clear,57,6,Open
REC-00411,2025-11-26 16:37:00,Tripura,West Tripura (Agartala),NH-8,Churaibari Gate - Teliamura - Agartala Arterial,Tripura Plain / Low Hillocks,15,6,84,59,3,0.0,0.0,33.1,19.5,41,4233,26,0.0,128,0,Clear,15,9,Open
REC-00412,2026-08-25 21:53:00,Assam,Kamrup Metropolitan (Guwahati),NH-27,Guwahati - Saraighat - Rangia Corridor,Valley River Basin,47,6,79,80,2,45.3,171.1,87.7,29.7,88,1180,12,0.0,113,0,Clear,27,12,Open
REC-00413,2025-10-27 12:04:00,Nagaland,Mokokchung,NH-702,Amguri - Tuli - Mokokchung Industrial Corridor,Hilly Ridge Crest,1411,19,55,51,5,0.0,0.0,27.6,10.4,67,2327,19,0.0,199,0,Clear,20,12,Open
REC-00414,2025-10-28 07:18:00,Mizoram,Aizawl & Kolasib,NH-306,Vairengte Gateway - Hunthar Slope - Aizawl,North-South Structural Ridge,1170,39,64,30,8,0.0,0.0,36.1,14.8,68,7531,2,0.0,234,0,Clear,24,6,Open
REC-00415,2025-10-28 09:27:00,Meghalaya,East Jaintia Hills (Sonapur),NH-6,Sonapur Tunnel - Lukha River Gorge Lifeline,Severe Mudslide Karst Chokepoint,968,47,46,29,10,0.0,0.0,48.9,13.3,63,8319,13,0.0,127,0,Clear,38,15,Open
REC-00416,2026-07-18 18:02:00,Sikkim,Pakyong (Airport Corridor),NH-717A,Rorathang - Pakyong Multi-Modal Link,Hill Slope Terraces,1188,36,60,46,7,13.6,64.1,77.1,23.8,99,3669,7,0.0,155,0,Clear,39,5,Open
REC-00417,2026-05-08 22:02:00,Meghalaya,East Khasi Hills (Shillong),NH-6,Umiam - Mawlai - Shillong Peak Bypass,Highland Plateau,1451,37,78,53,6,28.3,61.8,90.0,14.6,65,4359,20,0.0,86,0,Clear,41,10,Open
REC-00418,2026-07-06 05:16:00,Sikkim,Gangtok & Mangan,NH-10,Rangpo Border - 29th Mile Teesta Gorge - Gangtok,Teesta River Canyon Chokepoint,1522,45,56,20,10,11.7,36.5,84.2,19.9,88,7342,15,0.0,112,0,Clear,48,10,Open
REC-00419,2026-08-10 14:04:00,Sikkim,Pakyong (Airport Corridor),NH-717A,Rorathang - Pakyong Multi-Modal Link,Hill Slope Terraces,1396,34,61,39,7,122.2,567.1,89.3,24.4,79,1095,10,0.0,96,0,Severe Waterlogging,69,157,Open
REC-00420,2025-09-30 06:45:00,Nagaland,Kohima & Dimapur,NH-29,Dimapur Bypass - Pagla Pahar - Kohima Ridge,Active Tectonic Sinking Zone,1371,32,60,33,9,59.1,153.9,78.8,24.4,83,2484,3,0.0,112,0,Clear,50,6,Open
REC-00421,2026-04-19 07:12:00,Manipur,Imphal West (Imphal),NH-102,Imphal - Thoubal - Moreh Trans-Asian Highway,Manipur Central Valley,821,12,72,52,3,47.0,149.7,68.5,19.1,67,2382,18,0.0,11,0,Clear,34,6,Open
REC-00422,2026-10-07 12:27:00,Arunachal Pradesh,Papum Pare (Itanagar),NH-415,Holongi - Itanagar - Naharlagun Arterial,Sub-Himalayan Foothills,343,22,68,53,5,0.8,1.1,40.6,18.0,60,8316,16,0.0,206,0,Clear,23,15,Open
REC-00423,2026-10-02 18:10:00,Meghalaya,East Khasi Hills (Shillong),NH-6,Umiam - Mawlai - Shillong Peak Bypass,Highland Plateau,1678,25,83,45,6,0.0,0.0,28.2,10.8,47,2977,8,0.0,194,0,Clear,17,14,Open
REC-00424,2026-09-06 20:47:00,Nagaland,Mokokchung,NH-702,Amguri - Tuli - Mokokchung Industrial Corridor,Hilly Ridge Crest,1341,33,59,46,5,69.6,222.5,56.5,25.0,75,7820,9,0.0,104,0,Clear,49,0,Open
REC-00425,2025-05-09 07:59:00,Arunachal Pradesh,Papum Pare (Itanagar),NH-415,Holongi - Itanagar - Naharlagun Arterial,Sub-Himalayan Foothills,310,21,71,54,5,13.4,32.4,30.0,28.0,76,1448,2,0.0,98,0,Clear,23,7,Open
REC-00426,2026-10-05 01:58:00,Arunachal Pradesh,Papum Pare (Itanagar),NH-415,Holongi - Itanagar - Naharlagun Arterial,Sub-Himalayan Foothills,282,25,71,57,5,0.0,0.0,27.6,21.2,60,9343,10,5.0,178,0,Clear,26,6,Open
REC-00427,2025-07-03 05:37:00,Meghalaya,East Jaintia Hills (Sonapur),NH-6,Sonapur Tunnel - Lukha River Gorge Lifeline,Severe Mudslide Karst Chokepoint,815,47,43,28,10,46.4,192.4,83.9,25.2,82,4036,14,0.0,140,1,Rockfall,60,129,Caution
REC-00428,2025-06-21 11:25:00,Tripura,West Tripura (Agartala),NH-8,Churaibari Gate - Teliamura - Agartala Arterial,Tripura Plain / Low Hillocks,15,15,66,60,3,28.5,107.4,89.8,37.0,81,8697,21,0.0,127,0,Clear,30,5,Open
REC-00429,2026-04-25 14:19:00,Manipur,Noney & Tamenglong,NH-37,Noney Tupul - Makru Bridge Mountain Link,Steep Hillside Chokepoint,1018,42,45,25,9,16.9,41.2,45.5,18.0,83,3906,14,5.0,112,1,Landslide,48,382,Blocked
REC-00430,2026-04-29 15:19:00,Nagaland,Kohima & Dimapur,NH-29,Dimapur Bypass - Pagla Pahar - Kohima Ridge,Active Tectonic Sinking Zone,1506,36,47,32,9,3.9,9.3,44.5,18.3,95,3982,15,0.0,5,0,Clear,31,11,Open
REC-00431,2026-04-30 13:47:00,Assam,Cachar (Silchar),NH-37 / NH-6,Silchar - Badarpur - Kalain Pass,Barak Valley Floodplain,32,16,67,47,4,0.0,0.0,30.0,29.4,75,3222,16,0.0,32,0,Clear,20,5,Open
REC-00432,2025-07-29 02:41:00,Assam,Kamrup Metropolitan (Guwahati),NH-27,Guwahati - Saraighat - Rangia Corridor,Valley River Basin,54,14,80,72,2,54.4,251.2,72.4,28.9,91,3516,16,0.0,79,0,Clear,35,13,Open
REC-00433,2025-07-21 20:36:00,Assam,Dima Hasao (Haflong),NH-27,Haflong Hill Section - Jatinga Valley,Rugged Mountain Range,958,28,52,35,9,90.9,439.1,78.9,24.1,91,3559,18,0.0,142,1,Severe Waterlogging,60,155,Caution
REC-00434,2025-09-28 11:11:00,Arunachal Pradesh,Tawang & West Kameng,NH-13,"Bhalukpong - Bomdila - Sela Pass (4,170m)",Eastern Himalayan Alpine,2963,46,56,50,8,56.5,172.1,75.6,11.3,96,1766,13,0.0,10,0,Clear,47,3,Open
REC-00435,2025-06-21 09:05:00,Arunachal Pradesh,Tawang & West Kameng,NH-13,"Bhalukpong - Bomdila - Sela Pass (4,170m)",Eastern Himalayan Alpine,2809,42,58,37,8,101.2,367.7,80.5,13.2,95,1800,10,0.0,205,0,Rockfall,67,61,Open
REC-00436,2026-09-15 08:59:00,Nagaland,Mokokchung,NH-702,Amguri - Tuli - Mokokchung Industrial Corridor,Hilly Ridge Crest,1462,26,63,52,5,0.0,0.0,83.5,24.3,81,4725,25,0.0,87,0,Clear,28,14,Open
REC-00437,2025-08-21 00:38:00,Nagaland,Mokokchung,NH-702,Amguri - Tuli - Mokokchung Industrial Corridor,Hilly Ridge Crest,1325,24,54,47,5,83.1,238.4,57.9,19.8,84,8585,17,0.0,117,0,Clear,42,10,Open
REC-00438,2026-04-04 01:51:00,Assam,Kamrup Metropolitan (Guwahati),NH-27,Guwahati - Saraighat - Rangia Corridor,Valley River Basin,55,9,77,64,2,21.6,45.9,37.5,23.4,52,8600,29,0.0,110,0,Clear,17,1,Open
REC-00439,2026-08-23 02:19:00,Meghalaya,East Jaintia Hills (Sonapur),NH-6,Sonapur Tunnel - Lukha River Gorge Lifeline,Severe Mudslide Karst Chokepoint,741,49,43,33,10,88.5,442.2,99.0,29.9,87,9658,11,0.0,143,1,Rockfall,74,67,Caution
REC-00440,2026-03-01 12:49:00,Arunachal Pradesh,Tawang & West Kameng,NH-13,"Bhalukpong - Bomdila - Sela Pass (4,170m)",Eastern Himalayan Alpine,2875,39,65,30,8,0.0,0.0,22.6,2.4,30,8860,8,0.0,76,0,Clear,25,2,Open
REC-00441,2026-04-22 22:47:00,Mizoram,Lunglei,NH-54,Thenzawl - Lunglei Southern Lifeline,Rugged Mountain Escarpment,1149,35,56,39,6,22.8,61.5,45.3,16.9,50,2695,13,0.0,148,0,Clear,37,4,Open
REC-00442,2026-04-25 18:47:00,Mizoram,Lunglei,NH-54,Thenzawl - Lunglei Southern Lifeline,Rugged Mountain Escarpment,1378,24,53,39,6,13.4,24.2,77.2,16.0,77,2869,20,0.0,85,0,Clear,34,14,Open
REC-00443,2025-08-27 09:53:00,Mizoram,Lunglei,NH-54,Thenzawl - Lunglei Southern Lifeline,Rugged Mountain Escarpment,1380,38,69,54,6,78.2,230.1,96.8,19.2,85,1362,8,0.0,89,1,Rockfall,56,186,Caution
REC-00444,2026-04-21 01:51:00,Mizoram,Aizawl & Kolasib,NH-306,Vairengte Gateway - Hunthar Slope - Aizawl,North-South Structural Ridge,1114,28,64,33,8,0.0,0.0,64.8,18.5,64,3733,11,0.0,112,0,Clear,23,5,Open
REC-00445,2026-05-07 10:27:00,Assam,Kamrup Metropolitan (Guwahati),NH-27,Guwahati - Saraighat - Rangia Corridor,Valley River Basin,58,6,89,61,2,0.0,0.0,30.0,29.4,60,3996,10,0.0,47,0,Clear,9,9,Open
REC-00446,2025-09-15 18:08:00,Sikkim,Pakyong (Airport Corridor),NH-717A,Rorathang - Pakyong Multi-Modal Link,Hill Slope Terraces,1398,41,67,36,7,53.8,205.8,60.8,24.1,89,6734,24,0.0,39,0,Clear,49,13,Open
REC-00447,2025-05-28 03:22:00,Arunachal Pradesh,Tawang & West Kameng,NH-13,"Bhalukpong - Bomdila - Sela Pass (4,170m)",Eastern Himalayan Alpine,3004,36,64,37,8,40.5,75.9,58.5,2.8,89,7419,14,0.0,150,0,Clear,43,2,Open
REC-00448,2026-04-27 08:40:00,Sikkim,Pakyong (Airport Corridor),NH-717A,Rorathang - Pakyong Multi-Modal Link,Hill Slope Terraces,1458,37,64,39,7,61.5,166.9,54.9,15.1,76,1177,5,0.0,188,1,Rockfall,45,158,Caution
REC-00449,2026-06-19 09:36:00,Tripura,West Tripura (Agartala),NH-8,Churaibari Gate - Teliamura - Agartala Arterial,Tripura Plain / Low Hillocks,15,4,78,53,3,93.2,432.6,88.3,34.1,94,7251,4,0.0,94,0,Clear,45,3,Open
REC-00450,2025-07-30 05:55:00,Arunachal Pradesh,Papum Pare (Itanagar),NH-415,Holongi - Itanagar - Naharlagun Arterial,Sub-Himalayan Foothills,324,22,72,63,5,28.9,124.2,87.4,31.1,97,3441,17,0.0,115,0,Clear,37,9,Open
REC-00451,2026-10-10 05:27:00,Nagaland,Kohima & Dimapur,NH-29,Dimapur Bypass - Pagla Pahar - Kohima Ridge,Active Tectonic Sinking Zone,1680,37,56,26,9,0.0,0.0,35.0,6.2,58,3091,23,0.0,95,0,Clear,29,6,Open
REC-00452,2025-05-16 07:02:00,Meghalaya,East Khasi Hills (Shillong),NH-6,Umiam - Mawlai - Shillong Peak Bypass,Highland Plateau,1481,32,82,49,6,33.0,97.9,71.7,18.7,87,2905,12,0.0,57,0,Clear,40,8,Open
REC-00453,2025-08-25 17:13:00,Sikkim,Gangtok & Mangan,NH-10,Rangpo Border - 29th Mile Teesta Gorge - Gangtok,Teesta River Canyon Chokepoint,1621,47,53,21,10,107.5,291.5,78.4,18.9,65,9179,22,0.0,89,0,Rockfall,69,214,Open
REC-00454,2025-06-19 08:07:00,Manipur,Imphal West (Imphal),NH-102,Imphal - Thoubal - Moreh Trans-Asian Highway,Manipur Central Valley,809,19,67,54,3,0.0,0.0,79.0,24.4,86,3197,17,3.6,88,0,Clear,34,5,Open
REC-00455,2026-08-15 03:33:00,Mizoram,Aizawl & Kolasib,NH-306,Vairengte Gateway - Hunthar Slope - Aizawl,North-South Structural Ridge,1126,37,61,30,8,127.9,453.6,74.7,26.8,85,7182,16,0.0,151,1,Landslide,67,386,Blocked
REC-00456,2025-08-09 08:00:00,Tripura,West Tripura (Agartala),NH-8,Churaibari Gate - Teliamura - Agartala Arterial,Tripura Plain / Low Hillocks,16,9,74,59,3,37.4,167.3,67.4,37.5,94,6864,12,0.0,76,0,Clear,35,9,Open
REC-00457,2026-06-13 16:45:00,Manipur,Noney & Tamenglong,NH-37,Noney Tupul - Makru Bridge Mountain Link,Steep Hillside Chokepoint,1099,34,55,31,9,58.0,298.4,85.3,23.1,81,2276,17,0.0,159,0,Clear,59,0,Open
REC-00458,2026-08-18 00:27:00,Mizoram,Aizawl & Kolasib,NH-306,Vairengte Gateway - Hunthar Slope - Aizawl,North-South Structural Ridge,1133,33,52,37,8,18.8,54.7,61.2,21.9,75,2842,4,0.0,166,0,Clear,35,7,Open
REC-00459,2026-07-04 05:43:00,Assam,Cachar (Silchar),NH-37 / NH-6,Silchar - Badarpur - Kalain Pass,Barak Valley Floodplain,36,15,76,48,4,0.0,0.0,83.9,33.3,70,1634,19,0.0,77,0,Clear,27,7,Open
REC-00460,2026-01-23 09:30:00,Meghalaya,East Khasi Hills (Shillong),NH-6,Umiam - Mawlai - Shillong Peak Bypass,Highland Plateau,1546,35,75,43,6,0.0,0.0,34.0,11.2,39,1380,9,0.0,210,0,Clear,25,14,Open
REC-00461,2026-01-31 11:06:00,Mizoram,Lunglei,NH-54,Thenzawl - Lunglei Southern Lifeline,Rugged Mountain Escarpment,1180,34,57,42,6,7.4,8.8,32.2,8.9,59,2829,13,0.0,222,0,Clear,30,11,Open
REC-00462,2026-04-09 13:57:00,Mizoram,Aizawl & Kolasib,NH-306,Vairengte Gateway - Hunthar Slope - Aizawl,North-South Structural Ridge,1197,37,62,41,8,43.9,85.7,85.0,20.2,50,7910,30,0.0,124,0,Clear,48,10,Open
REC-00463,2025-09-12 21:12:00,Assam,Cachar (Silchar),NH-37 / NH-6,Silchar - Badarpur - Kalain Pass,Barak Valley Floodplain,37,15,56,34,4,100.0,534.5,99.0,28.0,82,2887,14,0.0,131,1,Severe Waterlogging,58,144,Caution
REC-00464,2025-07-22 03:50:00,Meghalaya,East Jaintia Hills (Sonapur),NH-6,Sonapur Tunnel - Lukha River Gorge Lifeline,Severe Mudslide Karst Chokepoint,838,46,41,25,10,90.9,363.6,82.8,24.5,88,931,7,0.0,139,0,Rockfall,72,89,Open
REC-00465,2025-12-10 21:52:00,Manipur,Noney & Tamenglong,NH-37,Noney Tupul - Makru Bridge Mountain Link,Steep Hillside Chokepoint,944,41,52,30,9,0.0,0.0,44.8,8.5,56,3891,24,0.0,116,0,Clear,41,4,Open
REC-00466,2025-04-19 19:12:00,Sikkim,Gangtok & Mangan,NH-10,Rangpo Border - 29th Mile Teesta Gorge - Gangtok,Teesta River Canyon Chokepoint,1585,55,40,20,10,43.2,83.3,74.6,16.0,75,8651,21,3.7,147,1,Rockfall,66,123,Caution
REC-00467,2025-05-19 05:02:00,Mizoram,Lunglei,NH-54,Thenzawl - Lunglei Southern Lifeline,Rugged Mountain Escarpment,1299,30,58,42,6,61.7,138.8,60.1,15.9,69,4933,21,0.0,101,1,Minor Slump & Slippage,37,77,Caution
REC-00468,2026-09-24 19:23:00,Nagaland,Kohima & Dimapur,NH-29,Dimapur Bypass - Pagla Pahar - Kohima Ridge,Active Tectonic Sinking Zone,1490,40,54,28,9,36.4,117.0,79.8,20.0,98,1472,6,0.0,194,0,Clear,52,3,Open
REC-00469,2026-10-12 19:21:00,Assam,Dima Hasao (Haflong),NH-27,Haflong Hill Section - Jatinga Valley,Rugged Mountain Range,982,39,52,31,9,0.0,0.0,35.9,8.2,40,9980,20,0.0,171,0,Clear,24,2,Open
REC-00470,2026-06-04 16:59:00,Tripura,West Tripura (Agartala),NH-8,Churaibari Gate - Teliamura - Agartala Arterial,Tripura Plain / Low Hillocks,18,7,82,53,3,141.1,423.4,76.8,37.9,84,1796,17,0.0,31,0,Severe Waterlogging,61,175,Open
REC-00471,2026-05-05 12:38:00,Nagaland,Mokokchung,NH-702,Amguri - Tuli - Mokokchung Industrial Corridor,Hilly Ridge Crest,1357,34,64,44,5,0.0,0.0,63.6,20.4,78,8261,4,0.0,111,0,Clear,26,8,Open
REC-00472,2025-09-23 07:02:00,Meghalaya,East Khasi Hills (Shillong),NH-6,Umiam - Mawlai - Shillong Peak Bypass,Highland Plateau,1489,37,74,49,6,28.4,125.5,80.3,26.1,94,1644,10,0.0,84,0,Clear,39,11,Open
REC-00473,2025-06-25 22:56:00,Mizoram,Lunglei,NH-54,Thenzawl - Lunglei Southern Lifeline,Rugged Mountain Escarpment,1155,31,64,41,6,115.2,477.8,80.2,28.8,79,6624,19,0.0,156,1,Severe Waterlogging,64,72,Caution
REC-00474,2025-12-20 20:40:00,Nagaland,Mokokchung,NH-702,Amguri - Tuli - Mokokchung Industrial Corridor,Hilly Ridge Crest,1367,33,63,46,5,0.0,0.0,26.7,10.7,58,7909,7,0.0,141,0,Clear,24,5,Open
REC-00475,2026-08-16 23:11:00,Arunachal Pradesh,Papum Pare (Itanagar),NH-415,Holongi - Itanagar - Naharlagun Arterial,Sub-Himalayan Foothills,343,22,74,48,5,59.4,177.5,80.4,29.2,91,1980,6,0.0,149,0,Clear,46,0,Open
REC-00476,2026-04-22 12:01:00,Meghalaya,East Khasi Hills (Shillong),NH-6,Umiam - Mawlai - Shillong Peak Bypass,Highland Plateau,1584,31,66,50,6,56.6,110.6,88.2,16.0,73,1021,7,0.0,226,0,Clear,44,2,Open
REC-00477,2025-08-21 15:48:00,Arunachal Pradesh,Papum Pare (Itanagar),NH-415,Holongi - Itanagar - Naharlagun Arterial,Sub-Himalayan Foothills,332,29,75,53,5,20.0,59.8,77.8,31.2,85,9706,24,0.0,198,0,Clear,34,7,Open
REC-00478,2025-11-19 13:24:00,Assam,Kamrup Metropolitan (Guwahati),NH-27,Guwahati - Saraighat - Rangia Corridor,Valley River Basin,52,13,83,64,2,3.6,4.4,30.3,14.6,63,83,19,0.0,117,1,Dense Fog Blockage,11,55,Caution
REC-00479,2025-09-02 05:27:00,Assam,Cachar (Silchar),NH-37 / NH-6,Silchar - Badarpur - Kalain Pass,Barak Valley Floodplain,37,16,65,50,4,101.8,416.5,69.8,30.3,80,6507,27,0.0,110,0,Clear,55,2,Open
REC-00480,2025-08-31 20:09:00,Assam,Kamrup Metropolitan (Guwahati),NH-27,Guwahati - Saraighat - Rangia Corridor,Valley River Basin,50,12,77,65,2,45.9,214.1,91.0,33.0,90,5362,18,0.0,161,0,Clear,33,13,Open
REC-00481,2025-08-20 20:58:00,Mizoram,Lunglei,NH-54,Thenzawl - Lunglei Southern Lifeline,Rugged Mountain Escarpment,1104,32,58,32,6,66.9,216.6,71.8,25.9,92,7711,6,0.0,138,1,Minor Slump & Slippage,51,43,Caution
REC-00482,2026-04-07 17:30:00,Assam,Kamrup Metropolitan (Guwahati),NH-27,Guwahati - Saraighat - Rangia Corridor,Valley River Basin,61,12,79,69,2,79.3,149.4,51.1,22.2,58,5628,2,0.0,148,0,Clear,34,4,Open
REC-00483,2025-08-25 12:46:00,Meghalaya,East Khasi Hills (Shillong),NH-6,Umiam - Mawlai - Shillong Peak Bypass,Highland Plateau,1470,26,66,50,6,96.1,247.8,91.4,26.7,86,3391,20,3.6,141,0,Severe Waterlogging,59,91,Open
REC-00484,2025-08-22 23:33:00,Tripura,West Tripura (Agartala),NH-8,Churaibari Gate - Teliamura - Agartala Arterial,Tripura Plain / Low Hillocks,16,8,80,61,3,52.9,197.6,74.0,30.0,80,3354,24,0.0,151,0,Clear,31,14,Open
REC-00485,2026-08-27 09:45:00,Manipur,Noney & Tamenglong,NH-37,Noney Tupul - Makru Bridge Mountain Link,Steep Hillside Chokepoint,1043,44,49,33,9,93.6,297.8,89.2,29.1,85,7360,10,0.0,127,1,Rockfall,63,237,Caution
REC-00486,2026-08-02 10:41:00,Sikkim,Pakyong (Airport Corridor),NH-717A,Rorathang - Pakyong Multi-Modal Link,Hill Slope Terraces,1202,35,67,40,7,12.0,35.9,67.4,25.3,91,2074,4,0.0,199,0,Clear,36,0,Open
REC-00487,2025-10-10 17:12:00,Mizoram,Aizawl & Kolasib,NH-306,Vairengte Gateway - Hunthar Slope - Aizawl,North-South Structural Ridge,1378,31,60,42,8,0.0,0.0,39.3,7.8,51,8726,20,0.0,134,0,Clear,26,6,Open
REC-00488,2026-05-06 23:22:00,Mizoram,Lunglei,NH-54,Thenzawl - Lunglei Southern Lifeline,Rugged Mountain Escarpment,1087,37,60,43,6,49.7,157.2,58.0,22.6,66,3260,22,4.8,5,1,Landslide,52,529,Blocked
REC-00489,2025-06-20 20:05:00,Sikkim,Pakyong (Airport Corridor),NH-717A,Rorathang - Pakyong Multi-Modal Link,Hill Slope Terraces,1295,32,63,44,7,96.2,302.7,79.9,15.8,86,9018,2,0.0,110,1,Severe Waterlogging,60,155,Caution
REC-00490,2026-05-02 07:13:00,Assam,Cachar (Silchar),NH-37 / NH-6,Silchar - Badarpur - Kalain Pass,Barak Valley Floodplain,26,6,69,43,4,2.8,8.9,30.4,26.2,53,5871,14,0.0,222,0,Clear,13,10,Open
REC-00491,2026-01-28 05:04:00,Arunachal Pradesh,Tawang & West Kameng,NH-13,"Bhalukpong - Bomdila - Sela Pass (4,170m)",Eastern Himalayan Alpine,3073,41,55,38,8,0.0,0.0,40.3,-3.9,59,3101,15,0.0,188,0,Clear,33,13,Open
REC-00492,2026-06-26 11:32:00,Meghalaya,East Jaintia Hills (Sonapur),NH-6,Sonapur Tunnel - Lukha River Gorge Lifeline,Severe Mudslide Karst Chokepoint,813,47,54,25,10,127.2,460.6,61.6,31.8,84,1499,5,0.0,60,1,Mudflow,80,597,Blocked
REC-00493,2025-09-10 18:25:00,Nagaland,Mokokchung,NH-702,Amguri - Tuli - Mokokchung Industrial Corridor,Hilly Ridge Crest,1277,24,66,50,5,69.4,351.3,85.4,20.7,99,8416,15,0.0,132,0,Clear,52,13,Open
REC-00494,2026-05-17 10:04:00,Arunachal Pradesh,Papum Pare (Itanagar),NH-415,Holongi - Itanagar - Naharlagun Arterial,Sub-Himalayan Foothills,292,23,63,41,5,0.0,0.0,90.0,24.8,67,3351,18,0.0,109,0,Clear,28,11,Open
REC-00495,2026-07-29 06:03:00,Sikkim,Gangtok & Mangan,NH-10,Rangpo Border - 29th Mile Teesta Gorge - Gangtok,Teesta River Canyon Chokepoint,1560,51,52,27,10,49.0,153.6,98.7,22.5,89,5287,17,0.0,91,0,Clear,57,8,Open
REC-00496,2025-05-26 02:57:00,Arunachal Pradesh,Tawang & West Kameng,NH-13,"Bhalukpong - Bomdila - Sela Pass (4,170m)",Eastern Himalayan Alpine,3242,41,54,31,8,43.6,124.5,52.0,6.3,77,3432,22,0.0,106,0,Clear,39,6,Open
REC-00497,2025-08-27 10:42:00,Assam,Dima Hasao (Haflong),NH-27,Haflong Hill Section - Jatinga Valley,Rugged Mountain Range,954,34,53,43,9,29.4,160.5,97.3,27.4,83,3216,21,0.0,76,0,Clear,47,0,Open
REC-00498,2025-08-07 20:28:00,Sikkim,Pakyong (Airport Corridor),NH-717A,Rorathang - Pakyong Multi-Modal Link,Hill Slope Terraces,1280,32,53,34,7,27.0,70.5,71.9,19.6,87,6985,15,0.0,160,0,Clear,36,9,Open
REC-00499,2026-08-28 03:44:00,Mizoram,Aizawl & Kolasib,NH-306,Vairengte Gateway - Hunthar Slope - Aizawl,North-South Structural Ridge,1030,42,62,42,8,96.2,384.5,92.3,19.3,87,6302,23,0.0,148,1,Rockfall,73,157,Caution
REC-00500,2026-06-22 20:18:00,Mizoram,Aizawl & Kolasib,NH-306,Vairengte Gateway - Hunthar Slope - Aizawl,North-South Structural Ridge,1154,36,48,38,8,33.5,174.8,59.5,23.6,90,1069,7,0.0,78,0,Clear,47,1,Open
REC-00501,2026-06-05 06:14:00,Mizoram,Aizawl & Kolasib,NH-306,Vairengte Gateway - Hunthar Slope - Aizawl,North-South Structural Ridge,1269,28,59,30,8,93.6,452.1,77.3,21.1,86,8401,25,0.0,160,1,Severe Waterlogging,62,102,Caution
REC-00502,2025-12-31 21:16:00,Mizoram,Aizawl & Kolasib,NH-306,Vairengte Gateway - Hunthar Slope - Aizawl,North-South Structural Ridge,1330,36,75,35,8,0.0,0.0,47.6,9.9,45,9302,14,0.0,76,0,Clear,27,7,Open
REC-00503,2025-10-15 19:41:00,Nagaland,Mokokchung,NH-702,Amguri - Tuli - Mokokchung Industrial Corridor,Hilly Ridge Crest,1422,26,63,48,5,0.0,0.0,44.6,8.4,49,6012,5,0.0,94,0,Clear,19,12,Open
REC-00504,2025-09-10 10:13:00,Manipur,Noney & Tamenglong,NH-37,Noney Tupul - Makru Bridge Mountain Link,Steep Hillside Chokepoint,935,38,49,37,9,73.5,186.3,83.3,23.8,88,2090,12,0.0,114,1,Rockfall,57,116,Caution
REC-00505,2025-10-16 17:53:00,Mizoram,Aizawl & Kolasib,NH-306,Vairengte Gateway - Hunthar Slope - Aizawl,North-South Structural Ridge,1000,34,61,31,8,5.0,8.9,28.7,17.3,57,1179,7,0.0,59,0,Clear,29,5,Open
REC-00506,2025-06-19 15:54:00,Assam,Dima Hasao (Haflong),NH-27,Haflong Hill Section - Jatinga Valley,Rugged Mountain Range,943,38,51,40,9,87.8,314.7,87.2,31.5,81,2050,23,0.0,9,0,Rockfall,62,136,Open
REC-00507,2025-09-30 21:36:00,Assam,Kamrup Metropolitan (Guwahati),NH-27,Guwahati - Saraighat - Rangia Corridor,Valley River Basin,58,13,83,65,2,5.0,14.3,67.6,31.5,83,882,21,0.0,202,0,Clear,22,4,Open
REC-00508,2026-04-09 03:57:00,Arunachal Pradesh,Papum Pare (Itanagar),NH-415,Holongi - Itanagar - Naharlagun Arterial,Sub-Himalayan Foothills,311,14,69,53,5,29.3,61.6,55.1,23.7,79,2306,23,0.0,72,0,Clear,23,12,Open
REC-00509,2025-12-13 05:12:00,Arunachal Pradesh,Papum Pare (Itanagar),NH-415,Holongi - Itanagar - Naharlagun Arterial,Sub-Himalayan Foothills,282,20,69,57,5,0.0,0.0,33.1,14.5,66,8792,27,0.0,43,0,Clear,21,3,Open
REC-00510,2026-06-14 06:36:00,Nagaland,Mokokchung,NH-702,Amguri - Tuli - Mokokchung Industrial Corridor,Hilly Ridge Crest,1394,30,60,52,5,7.1,35.2,99.0,22.4,72,7514,9,0.0,228,0,Clear,37,10,Open
REC-00511,2025-10-08 11:15:00,Sikkim,Gangtok & Mangan,NH-10,Rangpo Border - 29th Mile Teesta Gorge - Gangtok,Teesta River Canyon Chokepoint,1583,49,49,20,10,3.6,4.9,36.2,8.0,56,6188,16,0.0,195,0,Clear,36,6,Open
REC-00512,2026-01-10 22:38:00,Meghalaya,East Khasi Hills (Shillong),NH-6,Umiam - Mawlai - Shillong Peak Bypass,Highland Plateau,1384,28,76,53,6,0.0,0.0,41.8,6.0,47,6044,14,0.0,138,0,Clear,26,10,Open
REC-00513,2025-11-29 18:01:00,Nagaland,Mokokchung,NH-702,Amguri - Tuli - Mokokchung Industrial Corridor,Hilly Ridge Crest,1077,30,62,47,5,0.0,0.0,42.5,9.9,77,7399,23,0.0,137,0,Clear,18,13,Open
REC-00514,2026-01-07 10:48:00,Mizoram,Aizawl & Kolasib,NH-306,Vairengte Gateway - Hunthar Slope - Aizawl,North-South Structural Ridge,1027,39,50,44,8,0.0,0.0,38.5,11.9,57,8247,2,0.0,123,0,Clear,32,0,Open
REC-00515,2025-07-17 10:55:00,Meghalaya,East Jaintia Hills (Sonapur),NH-6,Sonapur Tunnel - Lukha River Gorge Lifeline,Severe Mudslide Karst Chokepoint,945,56,45,22,10,84.3,384.6,76.4,22.2,89,880,26,0.0,151,1,Rockfall,71,79,Caution
REC-00516,2026-03-04 22:39:00,Manipur,Noney & Tamenglong,NH-37,Noney Tupul - Makru Bridge Mountain Link,Steep Hillside Chokepoint,945,40,50,24,9,0.0,0.0,27.8,11.3,30,7571,18,0.0,84,0,Clear,33,15,Open
REC-00517,2026-02-24 23:30:00,Manipur,Noney & Tamenglong,NH-37,Noney Tupul - Makru Bridge Mountain Link,Steep Hillside Chokepoint,1060,37,45,37,9,1.0,1.3,46.1,11.0,62,2078,8,3.9,140,0,Clear,39,15,Open
REC-00518,2026-03-15 06:52:00,Meghalaya,East Khasi Hills (Shillong),NH-6,Umiam - Mawlai - Shillong Peak Bypass,Highland Plateau,1474,36,79,60,6,0.0,0.0,45.6,10.1,39,2930,21,0.0,13,0,Clear,24,12,Open
REC-00519,2025-06-10 08:27:00,Arunachal Pradesh,Papum Pare (Itanagar),NH-415,Holongi - Itanagar - Naharlagun Arterial,Sub-Himalayan Foothills,308,28,70,48,5,84.8,433.3,89.4,27.1,85,4741,22,0.0,126,1,Severe Waterlogging,58,135,Caution
REC-00520,2025-11-04 04:25:00,Sikkim,Gangtok & Mangan,NH-10,Rangpo Border - 29th Mile Teesta Gorge - Gangtok,Teesta River Canyon Chokepoint,1684,54,54,18,10,0.0,0.0,39.0,9.1,64,7723,15,0.0,156,0,Clear,36,1,Open
REC-00521,2025-07-23 07:07:00,Manipur,Imphal West (Imphal),NH-102,Imphal - Thoubal - Moreh Trans-Asian Highway,Manipur Central Valley,812,14,70,54,3,62.5,166.2,89.7,27.2,89,7428,25,0.0,198,0,Clear,38,6,Open
REC-00522,2025-10-26 11:40:00,Arunachal Pradesh,Tawang & West Kameng,NH-13,"Bhalukpong - Bomdila - Sela Pass (4,170m)",Eastern Himalayan Alpine,2669,44,55,37,8,0.0,0.0,34.6,-1.5,49,4709,14,0.0,104,0,Clear,34,0,Open
REC-00523,2026-06-13 10:01:00,Tripura,West Tripura (Agartala),NH-8,Churaibari Gate - Teliamura - Agartala Arterial,Tripura Plain / Low Hillocks,15,2,72,62,3,80.5,219.8,89.0,28.2,81,816,7,0.0,123,0,Clear,45,5,Open
REC-00524,2025-07-06 03:19:00,Meghalaya,East Jaintia Hills (Sonapur),NH-6,Sonapur Tunnel - Lukha River Gorge Lifeline,Severe Mudslide Karst Chokepoint,837,52,46,14,10,59.9,294.2,76.0,25.6,95,8316,8,3.5,88,1,Rockfall,64,212,Caution
REC-00525,2025-07-25 08:43:00,Tripura,West Tripura (Agartala),NH-8,Churaibari Gate - Teliamura - Agartala Arterial,Tripura Plain / Low Hillocks,15,13,84,54,3,1.2,3.5,80.3,31.8,83,1306,14,0.0,218,0,Clear,23,3,Open
REC-00526,2026-10-10 14:56:00,Manipur,Noney & Tamenglong,NH-37,Noney Tupul - Makru Bridge Mountain Link,Steep Hillside Chokepoint,831,38,55,26,9,0.0,0.0,58.4,14.2,44,5326,13,0.0,136,0,Clear,30,11,Open
REC-00527,2025-07-22 00:31:00,Mizoram,Aizawl & Kolasib,NH-306,Vairengte Gateway - Hunthar Slope - Aizawl,North-South Structural Ridge,1057,35,63,37,8,85.1,449.5,91.1,23.7,97,8776,12,0.0,123,1,Severe Waterlogging,66,58,Caution
REC-00528,2026-02-08 00:27:00,Tripura,West Tripura (Agartala),NH-8,Churaibari Gate - Teliamura - Agartala Arterial,Tripura Plain / Low Hillocks,16,5,67,66,3,0.0,0.0,40.2,11.6,57,2209,13,0.0,180,0,Clear,15,9,Open
REC-00529,2025-05-03 15:59:00,Manipur,Imphal West (Imphal),NH-102,Imphal - Thoubal - Moreh Trans-Asian Highway,Manipur Central Valley,862,16,61,56,3,0.0,0.0,81.7,21.5,45,5748,9,0.0,98,0,Clear,26,8,Open
REC-00530,2026-06-01 17:12:00,Meghalaya,East Jaintia Hills (Sonapur),NH-6,Sonapur Tunnel - Lukha River Gorge Lifeline,Severe Mudslide Karst Chokepoint,828,44,37,23,10,124.0,422.0,93.1,23.0,93,7958,25,0.0,28,1,Mudflow,78,666,Blocked
REC-00531,2026-03-29 13:29:00,Sikkim,Pakyong (Airport Corridor),NH-717A,Rorathang - Pakyong Multi-Modal Link,Hill Slope Terraces,1458,33,57,37,7,0.0,0.0,47.6,8.7,57,5754,2,0.0,69,0,Clear,23,9,Open
REC-00532,2026-05-08 04:25:00,Assam,Cachar (Silchar),NH-37 / NH-6,Silchar - Badarpur - Kalain Pass,Barak Valley Floodplain,34,14,68,40,4,11.6,33.3,45.3,26.8,49,2553,12,0.0,143,0,Clear,25,1,Open
REC-00533,2026-09-11 04:35:00,Arunachal Pradesh,Papum Pare (Itanagar),NH-415,Holongi - Itanagar - Naharlagun Arterial,Sub-Himalayan Foothills,297,17,72,52,5,92.6,437.2,74.9,29.4,88,905,20,0.0,91,0,Clear,54,3,Open
REC-00534,2025-12-10 06:06:00,Meghalaya,East Khasi Hills (Shillong),NH-6,Umiam - Mawlai - Shillong Peak Bypass,Highland Plateau,1614,34,73,46,6,0.0,0.0,31.8,12.1,56,9757,12,0.0,71,0,Clear,23,4,Open
REC-00535,2025-10-07 04:52:00,Assam,Kamrup Metropolitan (Guwahati),NH-27,Guwahati - Saraighat - Rangia Corridor,Valley River Basin,56,12,83,69,2,0.0,0.0,19.5,17.4,53,8876,17,0.0,110,0,Clear,6,13,Open
REC-00536,2025-04-29 09:29:00,Meghalaya,East Jaintia Hills (Sonapur),NH-6,Sonapur Tunnel - Lukha River Gorge Lifeline,Severe Mudslide Karst Chokepoint,911,45,58,22,10,43.1,112.6,70.2,17.8,89,6611,22,0.0,104,0,Clear,46,6,Open
REC-00537,2026-09-20 12:32:00,Nagaland,Kohima & Dimapur,NH-29,Dimapur Bypass - Pagla Pahar - Kohima Ridge,Active Tectonic Sinking Zone,1423,36,60,22,9,134.0,360.2,76.8,21.8,81,5360,2,0.0,45,1,Landslide,73,427,Blocked
REC-00538,2026-07-28 19:42:00,Nagaland,Mokokchung,NH-702,Amguri - Tuli - Mokokchung Industrial Corridor,Hilly Ridge Crest,1255,26,58,47,5,94.9,381.6,96.2,20.7,84,6503,2,2.6,62,1,Severe Waterlogging,63,127,Caution
REC-00539,2025-11-29 03:57:00,Manipur,Imphal West (Imphal),NH-102,Imphal - Thoubal - Moreh Trans-Asian Highway,Manipur Central Valley,898,15,62,42,3,0.0,0.0,24.9,11.7,30,4903,25,4.7,196,0,Clear,24,14,Open
REC-00540,2025-08-15 20:36:00,Nagaland,Mokokchung,NH-702,Amguri - Tuli - Mokokchung Industrial Corridor,Hilly Ridge Crest,1292,25,56,54,5,46.7,194.7,85.9,23.5,96,9459,5,0.0,148,0,Clear,41,6,Open
REC-00541,2025-08-22 00:23:00,Assam,Cachar (Silchar),NH-37 / NH-6,Silchar - Badarpur - Kalain Pass,Barak Valley Floodplain,38,18,68,40,4,73.9,376.4,69.2,30.7,81,9453,2,0.0,122,0,Clear,46,4,Open
REC-00542,2026-06-24 13:40:00,Assam,Dima Hasao (Haflong),NH-27,Haflong Hill Section - Jatinga Valley,Rugged Mountain Range,973,34,58,46,9,26.0,94.3,85.6,27.0,89,9656,17,0.0,143,0,Clear,43,11,Open
REC-00543,2025-09-09 09:04:00,Assam,Dima Hasao (Haflong),NH-27,Haflong Hill Section - Jatinga Valley,Rugged Mountain Range,917,34,53,34,9,32.3,130.9,80.4,23.9,82,2616,2,0.0,49,0,Clear,44,1,Open
REC-00544,2025-10-27 17:52:00,Meghalaya,East Jaintia Hills (Sonapur),NH-6,Sonapur Tunnel - Lukha River Gorge Lifeline,Severe Mudslide Karst Chokepoint,765,48,33,24,10,0.0,0.0,38.2,14.0,42,1379,12,0.0,138,0,Clear,39,4,Open
REC-00545,2025-05-13 03:02:00,Manipur,Noney & Tamenglong,NH-37,Noney Tupul - Makru Bridge Mountain Link,Steep Hillside Chokepoint,844,42,44,36,9,6.5,16.2,62.2,21.8,83,1706,9,4.8,147,1,Landslide,49,189,Blocked
REC-00546,2025-05-24 12:49:00,Tripura,West Tripura (Agartala),NH-8,Churaibari Gate - Teliamura - Agartala Arterial,Tripura Plain / Low Hillocks,15,14,80,60,3,15.7,43.7,65.4,28.2,66,6824,9,0.0,164,0,Clear,26,1,Open
REC-00547,2025-12-12 01:04:00,Assam,Kamrup Metropolitan (Guwahati),NH-27,Guwahati - Saraighat - Rangia Corridor,Valley River Basin,60,18,80,59,2,1.9,2.4,35.7,12.0,48,141,9,3.2,124,1,Minor Slump & Slippage,20,44,Caution
REC-00548,2026-02-04 11:49:00,Sikkim,Pakyong (Airport Corridor),NH-717A,Rorathang - Pakyong Multi-Modal Link,Hill Slope Terraces,1578,32,68,39,7,0.0,0.0,25.6,10.6,55,128,24,0.0,65,0,Clear,29,0,Open
REC-00549,2025-08-04 11:46:00,Arunachal Pradesh,Papum Pare (Itanagar),NH-415,Holongi - Itanagar - Naharlagun Arterial,Sub-Himalayan Foothills,308,18,65,61,5,158.2,783.0,99.0,28.8,99,8974,15,0.0,109,0,Severe Waterlogging,75,143,Open
REC-00550,2025-04-20 12:24:00,Tripura,West Tripura (Agartala),NH-8,Churaibari Gate - Teliamura - Agartala Arterial,Tripura Plain / Low Hillocks,15,9,86,55,3,8.3,19.3,63.7,25.4,64,6498,30,0.0,69,0,Clear,18,6,Open
REC-00551,2026-03-16 23:53:00,Assam,Kamrup Metropolitan (Guwahati),NH-27,Guwahati - Saraighat - Rangia Corridor,Valley River Basin,45,8,72,72,2,0.0,0.0,51.7,13.2,60,9865,4,0.0,182,0,Clear,10,8,Open
REC-00552,2026-04-26 14:47:00,Arunachal Pradesh,Tawang & West Kameng,NH-13,"Bhalukpong - Bomdila - Sela Pass (4,170m)",Eastern Himalayan Alpine,2977,50,57,39,8,32.4,103.3,62.4,5.2,95,9693,43,0.0,104,0,Clear,49,8,Open
REC-00553,2025-08-06 09:36:00,Assam,Kamrup Metropolitan (Guwahati),NH-27,Guwahati - Saraighat - Rangia Corridor,Valley River Basin,55,9,86,76,2,19.5,98.3,65.9,31.7,86,6677,2,0.0,134,0,Clear,22,10,Open
REC-00554,2026-06-26 05:16:00,Assam,Dima Hasao (Haflong),NH-27,Haflong Hill Section - Jatinga Valley,Rugged Mountain Range,1035,42,49,32,9,125.9,604.1,78.7,27.4,99,1612,22,0.0,98,1,Mudflow,74,624,Blocked
REC-00555,2025-11-20 01:45:00,Assam,Cachar (Silchar),NH-37 / NH-6,Silchar - Badarpur - Kalain Pass,Barak Valley Floodplain,37,7,65,44,4,0.0,0.0,54.2,19.5,57,169,15,0.0,75,1,Minor Slump & Slippage,18,56,Caution
REC-00556,2026-06-11 09:09:00,Assam,Dima Hasao (Haflong),NH-27,Haflong Hill Section - Jatinga Valley,Rugged Mountain Range,934,31,54,35,9,125.8,450.5,84.1,30.2,99,5617,10,5.2,95,1,Landslide,75,441,Blocked
REC-00557,2025-11-07 12:53:00,Nagaland,Kohima & Dimapur,NH-29,Dimapur Bypass - Pagla Pahar - Kohima Ridge,Active Tectonic Sinking Zone,1602,34,45,31,9,0.0,0.0,23.5,2.6,66,4479,2,0.0,36,0,Clear,32,1,Open
REC-00558,2026-09-20 16:28:00,Tripura,West Tripura (Agartala),NH-8,Churaibari Gate - Teliamura - Agartala Arterial,Tripura Plain / Low Hillocks,15,8,78,57,3,128.8,444.5,86.4,34.0,97,4582,2,0.0,119,1,Severe Waterlogging,61,137,Caution
REC-00559,2026-03-27 17:32:00,Assam,Dima Hasao (Haflong),NH-27,Haflong Hill Section - Jatinga Valley,Rugged Mountain Range,978,45,57,38,9,1.5,2.2,37.2,17.3,75,4813,12,0.0,53,0,Clear,35,9,Open
REC-00560,2026-02-16 03:05:00,Mizoram,Lunglei,NH-54,Thenzawl - Lunglei Southern Lifeline,Rugged Mountain Escarpment,1269,32,57,38,6,0.0,0.0,42.0,10.9,66,147,21,0.0,5,0,Clear,24,0,Open
REC-00561,2025-04-25 22:10:00,Sikkim,Gangtok & Mangan,NH-10,Rangpo Border - 29th Mile Teesta Gorge - Gangtok,Teesta River Canyon Chokepoint,1510,47,43,22,10,38.3,115.4,59.5,18.2,94,9924,14,0.0,169,0,Clear,48,1,Open
REC-00562,2026-03-30 14:58:00,Assam,Dima Hasao (Haflong),NH-27,Haflong Hill Section - Jatinga Valley,Rugged Mountain Range,905,35,54,32,9,0.0,0.0,32.0,12.3,60,3805,12,0.0,41,0,Clear,32,14,Open
REC-00563,2026-02-23 14:11:00,Nagaland,Mokokchung,NH-702,Amguri - Tuli - Mokokchung Industrial Corridor,Hilly Ridge Crest,1308,26,65,46,5,0.0,0.0,35.7,11.7,60,9404,2,0.0,64,0,Clear,22,6,Open
REC-00564,2026-09-14 08:36:00,Sikkim,Gangtok & Mangan,NH-10,Rangpo Border - 29th Mile Teesta Gorge - Gangtok,Teesta River Canyon Chokepoint,1705,52,48,12,10,87.5,449.6,78.4,19.1,94,3574,14,0.0,276,1,Rockfall,66,96,Caution
REC-00565,2025-10-29 17:53:00,Meghalaya,East Khasi Hills (Shillong),NH-6,Umiam - Mawlai - Shillong Peak Bypass,Highland Plateau,1642,28,70,61,6,0.0,0.0,32.7,8.3,53,1222,22,0.0,91,0,Clear,24,4,Open
REC-00566,2026-01-28 03:45:00,Sikkim,Pakyong (Airport Corridor),NH-717A,Rorathang - Pakyong Multi-Modal Link,Hill Slope Terraces,1332,42,67,36,7,0.0,0.0,25.0,13.4,59,130,13,0.0,118,1,Minor Slump & Slippage,28,59,Caution
REC-00567,2026-02-17 01:27:00,Assam,Dima Hasao (Haflong),NH-27,Haflong Hill Section - Jatinga Valley,Rugged Mountain Range,1016,33,53,43,9,4.1,6.2,39.7,14.7,69,4829,10,0.0,17,0,Clear,28,4,Open
REC-00568,2025-10-09 23:31:00,Tripura,West Tripura (Agartala),NH-8,Churaibari Gate - Teliamura - Agartala Arterial,Tripura Plain / Low Hillocks,16,4,75,58,3,0.0,0.0,52.5,18.8,34,9937,14,0.0,115,0,Clear,9,7,Open
REC-00569,2026-08-09 16:42:00,Nagaland,Kohima & Dimapur,NH-29,Dimapur Bypass - Pagla Pahar - Kohima Ridge,Active Tectonic Sinking Zone,1322,34,49,42,9,153.5,770.9,76.2,23.6,96,6651,7,0.0,106,1,Severe Waterlogging,75,108,Caution
REC-00570,2025-07-28 05:29:00,Sikkim,Gangtok & Mangan,NH-10,Rangpo Border - 29th Mile Teesta Gorge - Gangtok,Teesta River Canyon Chokepoint,1594,51,47,18,10,18.2,97.7,77.1,25.2,81,8814,3,0.0,114,0,Clear,51,13,Open
REC-00571,2026-02-25 08:43:00,Assam,Cachar (Silchar),NH-37 / NH-6,Silchar - Badarpur - Kalain Pass,Barak Valley Floodplain,36,10,59,55,4,0.0,0.0,25.6,17.5,59,5854,6,0.0,141,0,Clear,12,3,Open
REC-00572,2025-08-11 19:34:00,Mizoram,Lunglei,NH-54,Thenzawl - Lunglei Southern Lifeline,Rugged Mountain Escarpment,1304,39,54,27,6,136.5,669.8,84.0,21.3,98,9858,16,0.0,127,1,Landslide,74,547,Blocked
REC-00573,2026-01-23 05:58:00,Manipur,Imphal West (Imphal),NH-102,Imphal - Thoubal - Moreh Trans-Asian Highway,Manipur Central Valley,770,21,71,52,3,0.0,0.0,26.5,13.4,46,9427,20,0.0,156,0,Clear,16,7,Open
REC-00574,2026-01-04 23:07:00,Assam,Cachar (Silchar),NH-37 / NH-6,Silchar - Badarpur - Kalain Pass,Barak Valley Floodplain,38,17,68,54,4,0.0,0.0,52.1,14.3,37,169,11,0.0,19,1,Minor Slump & Slippage,18,80,Caution
REC-00575,2025-10-16 19:54:00,Nagaland,Mokokchung,NH-702,Amguri - Tuli - Mokokchung Industrial Corridor,Hilly Ridge Crest,1323,27,63,44,5,0.0,0.0,31.5,11.1,52,5129,24,0.0,104,0,Clear,19,9,Open
REC-00576,2026-04-27 00:31:00,Manipur,Imphal West (Imphal),NH-102,Imphal - Thoubal - Moreh Trans-Asian Highway,Manipur Central Valley,770,9,66,50,3,36.2,102.0,84.3,20.5,65,4602,13,0.0,91,0,Clear,32,2,Open
REC-00577,2025-09-21 06:55:00,Meghalaya,East Khasi Hills (Shillong),NH-6,Umiam - Mawlai - Shillong Peak Bypass,Highland Plateau,1658,24,65,49,6,121.4,334.1,77.2,20.5,75,4608,22,0.0,145,1,Severe Waterlogging,65,46,Caution
REC-00578,2025-11-01 17:50:00,Manipur,Noney & Tamenglong,NH-37,Noney Tupul - Makru Bridge Mountain Link,Steep Hillside Chokepoint,965,37,54,36,9,0.0,0.0,38.5,12.4,63,9889,29,0.0,5,0,Clear,26,5,Open
REC-00579,2025-09-18 06:28:00,Meghalaya,East Khasi Hills (Shillong),NH-6,Umiam - Mawlai - Shillong Peak Bypass,Highland Plateau,1353,32,82,50,6,118.3,604.4,97.7,21.8,98,9763,13,0.0,149,1,Severe Waterlogging,67,114,Caution
REC-00580,2026-04-16 18:41:00,Mizoram,Lunglei,NH-54,Thenzawl - Lunglei Southern Lifeline,Rugged Mountain Escarpment,994,30,48,40,6,35.4,97.7,70.7,22.0,81,8535,2,0.0,152,0,Clear,42,15,Open
REC-00581,2026-02-20 13:11:00,Assam,Kamrup Metropolitan (Guwahati),NH-27,Guwahati - Saraighat - Rangia Corridor,Valley River Basin,57,6,78,68,2,0.2,0.4,44.2,14.7,52,55,6,4.3,63,0,Dense Fog Blockage,21,99,Open
REC-00582,2026-04-12 19:49:00,Mizoram,Aizawl & Kolasib,NH-306,Vairengte Gateway - Hunthar Slope - Aizawl,North-South Structural Ridge,1112,34,52,36,8,26.5,62.7,59.4,21.1,86,5387,24,0.0,91,0,Clear,37,12,Open
REC-00583,2026-01-09 23:55:00,Mizoram,Lunglei,NH-54,Thenzawl - Lunglei Southern Lifeline,Rugged Mountain Escarpment,1229,36,63,51,6,0.0,0.0,35.2,13.1,55,161,9,0.0,63,1,Minor Slump & Slippage,27,72,Caution
REC-00584,2026-03-01 09:32:00,Tripura,West Tripura (Agartala),NH-8,Churaibari Gate - Teliamura - Agartala Arterial,Tripura Plain / Low Hillocks,15,6,86,49,3,0.0,0.0,21.5,19.1,67,2081,8,0.0,201,0,Clear,7,4,Open
REC-00585,2026-06-27 15:44:00,Sikkim,Gangtok & Mangan,NH-10,Rangpo Border - 29th Mile Teesta Gorge - Gangtok,Teesta River Canyon Chokepoint,1698,53,41,12,10,81.6,340.6,67.2,21.3,81,8436,14,0.0,65,1,Rockfall,70,62,Caution
REC-00586,2026-06-27 11:33:00,Arunachal Pradesh,Papum Pare (Itanagar),NH-415,Holongi - Itanagar - Naharlagun Arterial,Sub-Himalayan Foothills,368,19,68,55,5,51.0,157.3,74.4,29.2,84,5273,13,3.3,102,0,Clear,42,1,Open
REC-00587,2026-07-27 19:40:00,Assam,Kamrup Metropolitan (Guwahati),NH-27,Guwahati - Saraighat - Rangia Corridor,Valley River Basin,50,11,86,73,2,38.3,181.9,83.7,33.1,81,3309,12,0.0,84,0,Clear,34,1,Open
REC-00588,2025-07-09 17:17:00,Mizoram,Lunglei,NH-54,Thenzawl - Lunglei Southern Lifeline,Rugged Mountain Escarpment,1407,34,46,35,6,98.2,535.2,86.7,24.1,98,3572,8,0.0,5,1,Severe Waterlogging,64,60,Caution
REC-00589,2025-10-15 16:09:00,Assam,Dima Hasao (Haflong),NH-27,Haflong Hill Section - Jatinga Valley,Rugged Mountain Range,988,42,45,34,9,0.0,0.0,27.5,13.5,58,852,25,0.0,92,0,Clear,32,2,Open
REC-00590,2025-06-30 03:58:00,Sikkim,Pakyong (Airport Corridor),NH-717A,Rorathang - Pakyong Multi-Modal Link,Hill Slope Terraces,1197,35,63,44,7,126.3,386.1,90.7,19.8,70,4363,8,0.0,69,1,Severe Waterlogging,67,78,Caution
REC-00591,2025-05-25 12:45:00,Mizoram,Aizawl & Kolasib,NH-306,Vairengte Gateway - Hunthar Slope - Aizawl,North-South Structural Ridge,984,39,57,38,8,0.0,0.0,56.5,19.4,87,5632,19,0.0,95,0,Clear,35,14,Open
REC-00592,2025-05-08 18:24:00,Arunachal Pradesh,Tawang & West Kameng,NH-13,"Bhalukpong - Bomdila - Sela Pass (4,170m)",Eastern Himalayan Alpine,3189,43,55,40,8,43.1,137.5,76.1,3.4,56,6406,11,0.0,52,0,Clear,49,14,Open
REC-00593,2025-05-03 03:33:00,Manipur,Noney & Tamenglong,NH-37,Noney Tupul - Makru Bridge Mountain Link,Steep Hillside Chokepoint,915,39,52,32,9,5.9,16.1,63.2,17.7,78,1354,21,0.0,164,0,Clear,35,15,Open
REC-00594,2026-03-11 20:57:00,Mizoram,Lunglei,NH-54,Thenzawl - Lunglei Southern Lifeline,Rugged Mountain Escarpment,1398,34,56,42,6,8.1,10.6,28.7,5.8,56,7926,16,0.0,75,0,Clear,22,15,Open
REC-00595,2026-02-02 01:59:00,Nagaland,Mokokchung,NH-702,Amguri - Tuli - Mokokchung Industrial Corridor,Hilly Ridge Crest,1164,31,55,51,5,0.0,0.0,44.7,12.9,46,1267,11,0.0,145,0,Clear,22,6,Open
REC-00596,2025-08-12 21:21:00,Meghalaya,East Jaintia Hills (Sonapur),NH-6,Sonapur Tunnel - Lukha River Gorge Lifeline,Severe Mudslide Karst Chokepoint,852,45,46,24,10,68.6,190.1,78.8,28.5,89,8346,18,0.0,120,0,Rockfall,59,122,Open
REC-00597,2026-04-19 00:30:00,Meghalaya,East Jaintia Hills (Sonapur),NH-6,Sonapur Tunnel - Lukha River Gorge Lifeline,Severe Mudslide Karst Chokepoint,851,49,50,22,10,41.8,84.6,75.3,18.1,80,8393,15,0.0,122,0,Clear,55,4,Open
REC-00598,2026-03-01 09:52:00,Nagaland,Mokokchung,NH-702,Amguri - Tuli - Mokokchung Industrial Corridor,Hilly Ridge Crest,1234,32,65,51,5,0.0,0.0,24.9,10.6,46,3718,13,0.0,82,0,Clear,18,12,Open
REC-00599,2025-11-22 04:31:00,Assam,Dima Hasao (Haflong),NH-27,Haflong Hill Section - Jatinga Valley,Rugged Mountain Range,903,39,50,34,9,0.8,1.1,27.2,8.6,69,1370,23,0.0,156,0,Clear,32,3,Open
REC-00600,2025-06-24 11:43:00,Sikkim,Pakyong (Airport Corridor),NH-717A,Rorathang - Pakyong Multi-Modal Link,Hill Slope Terraces,1290,38,65,38,7,57.9,215.0,67.5,25.8,89,8249,25,0.0,126,0,Clear,46,3,Open
REC-00601,2026-08-28 11:49:00,Sikkim,Pakyong (Airport Corridor),NH-717A,Rorathang - Pakyong Multi-Modal Link,Hill Slope Terraces,1224,40,72,40,7,98.6,386.6,75.7,27.1,96,7082,12,0.0,126,0,Rockfall,63,191,Open
REC-00602,2026-06-20 01:29:00,Sikkim,Pakyong (Airport Corridor),NH-717A,Rorathang - Pakyong Multi-Modal Link,Hill Slope Terraces,1517,33,70,38,7,60.5,240.1,87.0,20.4,76,6328,7,3.3,28,0,Clear,55,0,Open
REC-00603,2026-04-01 23:02:00,Meghalaya,East Khasi Hills (Shillong),NH-6,Umiam - Mawlai - Shillong Peak Bypass,Highland Plateau,1463,31,84,51,6,31.9,81.1,52.6,18.3,76,5300,21,0.0,39,0,Clear,31,14,Open
REC-00604,2025-06-18 10:23:00,Assam,Cachar (Silchar),NH-37 / NH-6,Silchar - Badarpur - Kalain Pass,Barak Valley Floodplain,33,5,69,57,4,124.9,583.5,85.3,31.5,89,6334,25,0.0,76,0,Clear,55,2,Open
REC-00605,2025-07-29 06:36:00,Sikkim,Gangtok & Mangan,NH-10,Rangpo Border - 29th Mile Teesta Gorge - Gangtok,Teesta River Canyon Chokepoint,1710,47,46,18,10,130.4,428.1,78.1,21.6,97,8548,6,0.0,164,1,Mudflow,76,813,Blocked
REC-00606,2026-05-14 05:43:00,Assam,Cachar (Silchar),NH-37 / NH-6,Silchar - Badarpur - Kalain Pass,Barak Valley Floodplain,30,11,74,46,4,24.5,51.2,61.5,28.6,75,6012,18,0.0,144,0,Clear,23,14,Open
REC-00607,2026-03-03 17:24:00,Sikkim,Gangtok & Mangan,NH-10,Rangpo Border - 29th Mile Teesta Gorge - Gangtok,Teesta River Canyon Chokepoint,1746,51,49,19,10,0.0,0.0,21.4,5.4,49,8975,17,0.0,209,0,Clear,39,15,Open
REC-00608,2025-06-25 06:47:00,Nagaland,Kohima & Dimapur,NH-29,Dimapur Bypass - Pagla Pahar - Kohima Ridge,Active Tectonic Sinking Zone,1374,45,52,29,9,0.0,0.0,76.3,26.5,92,3531,16,0.0,62,0,Clear,34,9,Open
REC-00609,2025-11-27 12:58:00,Tripura,West Tripura (Agartala),NH-8,Churaibari Gate - Teliamura - Agartala Arterial,Tripura Plain / Low Hillocks,15,11,81,62,3,0.0,0.0,39.9,19.5,53,7371,18,0.0,94,0,Clear,12,11,Open
REC-00610,2026-02-20 16:34:00,Meghalaya,East Khasi Hills (Shillong),NH-6,Umiam - Mawlai - Shillong Peak Bypass,Highland Plateau,1462,40,80,54,6,0.0,0.0,21.2,11.3,66,854,27,0.0,86,0,Clear,30,12,Open
REC-00611,2026-06-03 13:12:00,Sikkim,Gangtok & Mangan,NH-10,Rangpo Border - 29th Mile Teesta Gorge - Gangtok,Teesta River Canyon Chokepoint,1316,44,48,17,10,24.1,70.3,71.5,21.1,66,1174,11,0.0,160,0,Clear,42,12,Open
REC-00612,2025-09-13 14:23:00,Arunachal Pradesh,Papum Pare (Itanagar),NH-415,Holongi - Itanagar - Naharlagun Arterial,Sub-Himalayan Foothills,316,21,57,55,5,119.0,555.6,82.8,30.6,97,1306,16,0.0,76,0,Clear,56,5,Open
REC-00613,2026-08-26 20:07:00,Sikkim,Pakyong (Airport Corridor),NH-717A,Rorathang - Pakyong Multi-Modal Link,Hill Slope Terraces,1306,34,65,35,7,93.4,477.9,64.0,22.6,93,1329,10,0.0,64,1,Severe Waterlogging,62,75,Caution
REC-00614,2026-06-24 15:52:00,Assam,Kamrup Metropolitan (Guwahati),NH-27,Guwahati - Saraighat - Rangia Corridor,Valley River Basin,58,2,89,68,2,0.0,0.0,79.3,29.0,95,9181,23,0.0,21,0,Clear,18,3,Open
REC-00615,2026-04-11 13:42:00,Arunachal Pradesh,Tawang & West Kameng,NH-13,"Bhalukpong - Bomdila - Sela Pass (4,170m)",Eastern Himalayan Alpine,3154,44,53,38,8,0.0,0.0,88.0,4.7,73,8853,14,0.0,19,0,Clear,37,8,Open
REC-00616,2025-08-22 04:33:00,Assam,Cachar (Silchar),NH-37 / NH-6,Silchar - Badarpur - Kalain Pass,Barak Valley Floodplain,33,14,67,46,4,75.7,254.8,83.7,33.2,95,5792,12,0.0,73,0,Clear,40,4,Open
REC-00617,2026-04-29 08:40:00,Mizoram,Aizawl & Kolasib,NH-306,Vairengte Gateway - Hunthar Slope - Aizawl,North-South Structural Ridge,1143,32,62,36,8,31.7,82.9,89.0,20.8,73,9267,4,0.0,166,0,Clear,44,11,Open
REC-00618,2026-08-10 20:10:00,Nagaland,Mokokchung,NH-702,Amguri - Tuli - Mokokchung Industrial Corridor,Hilly Ridge Crest,1210,32,63,56,5,33.8,172.8,70.6,25.8,89,4182,16,0.0,101,0,Clear,36,11,Open
REC-00619,2026-07-15 18:58:00,Tripura,West Tripura (Agartala),NH-8,Churaibari Gate - Teliamura - Agartala Arterial,Tripura Plain / Low Hillocks,15,15,79,59,3,60.5,286.7,80.8,29.4,93,6756,9,0.0,68,0,Clear,38,2,Open
REC-00620,2026-07-02 18:33:00,Assam,Cachar (Silchar),NH-37 / NH-6,Silchar - Badarpur - Kalain Pass,Barak Valley Floodplain,33,6,66,44,4,46.7,151.5,81.4,31.9,99,8272,26,0.0,166,0,Clear,38,2,Open
REC-00621,2026-09-18 09:03:00,Meghalaya,East Jaintia Hills (Sonapur),NH-6,Sonapur Tunnel - Lukha River Gorge Lifeline,Severe Mudslide Karst Chokepoint,894,48,50,27,10,73.8,353.1,89.2,25.6,84,1996,15,0.0,148,1,Rockfall,69,208,Caution
REC-00622,2025-07-24 23:56:00,Sikkim,Gangtok & Mangan,NH-10,Rangpo Border - 29th Mile Teesta Gorge - Gangtok,Teesta River Canyon Chokepoint,1503,44,41,20,10,115.8,443.3,73.7,24.1,79,7471,13,0.0,82,1,Rockfall,74,136,Caution
REC-00623,2026-09-27 07:21:00,Manipur,Noney & Tamenglong,NH-37,Noney Tupul - Makru Bridge Mountain Link,Steep Hillside Chokepoint,1059,46,57,33,9,55.9,191.5,94.7,24.1,67,6029,21,0.0,75,0,Clear,57,14,Open
REC-00624,2026-10-04 05:12:00,Mizoram,Lunglei,NH-54,Thenzawl - Lunglei Southern Lifeline,Rugged Mountain Escarpment,1334,31,54,39,6,0.0,0.0,31.1,12.1,58,2486,6,0.0,5,0,Clear,25,5,Open
REC-00625,2025-09-08 10:33:00,Arunachal Pradesh,Tawang & West Kameng,NH-13,"Bhalukpong - Bomdila - Sela Pass (4,170m)",Eastern Himalayan Alpine,3083,41,60,47,8,107.2,583.5,72.0,14.5,76,5774,10,0.0,86,1,Rockfall,66,204,Caution
REC-00626,2026-06-02 00:48:00,Nagaland,Mokokchung,NH-702,Amguri - Tuli - Mokokchung Industrial Corridor,Hilly Ridge Crest,1278,24,65,44,5,79.1,294.8,80.8,24.2,85,4113,17,0.0,212,0,Clear,52,6,Open
REC-00627,2026-08-29 14:54:00,Arunachal Pradesh,Papum Pare (Itanagar),NH-415,Holongi - Itanagar - Naharlagun Arterial,Sub-Himalayan Foothills,309,14,68,63,5,26.4,87.7,87.3,24.9,90,1553,3,0.0,5,0,Clear,30,12,Open
REC-00628,2025-07-13 01:40:00,Assam,Cachar (Silchar),NH-37 / NH-6,Silchar - Badarpur - Kalain Pass,Barak Valley Floodplain,38,13,65,39,4,34.2,130.5,92.4,31.1,86,7579,21,0.0,10,0,Clear,32,8,Open
REC-00629,2025-04-23 04:49:00,Mizoram,Aizawl & Kolasib,NH-306,Vairengte Gateway - Hunthar Slope - Aizawl,North-South Structural Ridge,1116,25,56,39,8,33.4,96.1,76.0,16.0,58,4319,24,0.0,54,0,Clear,43,8,Open
REC-00630,2025-04-24 04:07:00,Manipur,Noney & Tamenglong,NH-37,Noney Tupul - Makru Bridge Mountain Link,Steep Hillside Chokepoint,838,53,41,32,9,8.5,24.9,47.7,23.3,78,6919,22,4.0,126,0,Clear,43,2,Open
REC-00631,2025-07-04 17:49:00,Assam,Dima Hasao (Haflong),NH-27,Haflong Hill Section - Jatinga Valley,Rugged Mountain Range,1019,33,54,29,9,68.0,192.9,88.5,21.8,96,3927,16,0.0,126,1,Minor Slump & Slippage,58,77,Caution
REC-00632,2026-03-05 02:11:00,Meghalaya,East Jaintia Hills (Sonapur),NH-6,Sonapur Tunnel - Lukha River Gorge Lifeline,Severe Mudslide Karst Chokepoint,922,44,43,25,10,0.0,0.0,19.9,15.2,51,904,15,0.0,113,0,Clear,33,7,Open
REC-00633,2026-09-28 14:41:00,Mizoram,Lunglei,NH-54,Thenzawl - Lunglei Southern Lifeline,Rugged Mountain Escarpment,1381,35,50,46,6,25.9,109.4,67.2,22.0,77,3229,15,4.2,156,0,Clear,39,10,Open
REC-00634,2025-11-22 21:13:00,Mizoram,Lunglei,NH-54,Thenzawl - Lunglei Southern Lifeline,Rugged Mountain Escarpment,1440,34,55,44,6,0.6,1.2,28.8,8.1,57,8003,27,5.0,221,1,Landslide,36,281,Blocked
REC-00635,2026-04-25 18:52:00,Arunachal Pradesh,Papum Pare (Itanagar),NH-415,Holongi - Itanagar - Naharlagun Arterial,Sub-Himalayan Foothills,292,21,67,67,5,33.2,65.6,77.5,25.0,69,8813,18,0.0,5,0,Clear,34,2,Open
REC-00636,2026-08-03 08:32:00,Nagaland,Kohima & Dimapur,NH-29,Dimapur Bypass - Pagla Pahar - Kohima Ridge,Active Tectonic Sinking Zone,1333,42,71,25,9,102.9,259.5,89.1,21.5,90,5878,18,0.0,65,1,Rockfall,69,180,Caution
REC-00637,2026-01-07 23:41:00,Assam,Kamrup Metropolitan (Guwahati),NH-27,Guwahati - Saraighat - Rangia Corridor,Valley River Basin,52,12,76,69,2,0.0,0.0,42.3,17.8,59,160,14,0.0,98,0,Clear,11,0,Open
REC-00638,2025-09-26 16:09:00,Arunachal Pradesh,Tawang & West Kameng,NH-13,"Bhalukpong - Bomdila - Sela Pass (4,170m)",Eastern Himalayan Alpine,3133,43,57,46,8,98.6,466.0,84.3,13.2,83,5814,21,0.0,39,0,Rockfall,69,67,Open
REC-00639,2025-05-06 23:55:00,Tripura,West Tripura (Agartala),NH-8,Churaibari Gate - Teliamura - Agartala Arterial,Tripura Plain / Low Hillocks,15,10,81,64,3,40.8,104.3,72.1,26.9,73,6512,16,0.0,104,0,Clear,34,14,Open
REC-00640,2025-04-01 09:30:00,Meghalaya,East Jaintia Hills (Sonapur),NH-6,Sonapur Tunnel - Lukha River Gorge Lifeline,Severe Mudslide Karst Chokepoint,852,44,49,19,10,19.9,48.9,66.4,17.5,68,8628,5,0.0,158,0,Clear,46,4,Open
REC-00641,2025-06-24 23:06:00,Manipur,Imphal West (Imphal),NH-102,Imphal - Thoubal - Moreh Trans-Asian Highway,Manipur Central Valley,833,13,62,56,3,57.5,249.8,74.0,24.5,88,8371,9,0.0,56,0,Clear,41,4,Open
REC-00642,2026-04-30 20:03:00,Assam,Cachar (Silchar),NH-37 / NH-6,Silchar - Badarpur - Kalain Pass,Barak Valley Floodplain,31,6,61,45,4,44.3,129.0,62.5,26.0,71,991,22,0.0,65,0,Clear,25,12,Open
REC-00643,2025-11-06 14:39:00,Sikkim,Pakyong (Airport Corridor),NH-717A,Rorathang - Pakyong Multi-Modal Link,Hill Slope Terraces,1252,34,70,40,7,0.0,0.0,34.5,11.5,37,164,13,0.0,93,0,Clear,22,0,Open
REC-00644,2026-06-11 20:01:00,Nagaland,Kohima & Dimapur,NH-29,Dimapur Bypass - Pagla Pahar - Kohima Ridge,Active Tectonic Sinking Zone,1458,36,57,40,9,87.8,279.3,80.9,21.9,84,6495,10,0.0,180,1,Rockfall,58,190,Caution
REC-00645,2025-08-24 21:14:00,Arunachal Pradesh,Papum Pare (Itanagar),NH-415,Holongi - Itanagar - Naharlagun Arterial,Sub-Himalayan Foothills,276,22,75,57,5,63.7,307.5,87.2,27.4,99,1569,10,0.0,91,0,Clear,48,11,Open
REC-00646,2025-07-12 21:10:00,Arunachal Pradesh,Tawang & West Kameng,NH-13,"Bhalukpong - Bomdila - Sela Pass (4,170m)",Eastern Himalayan Alpine,2884,35,56,43,8,6.1,19.4,67.2,11.7,99,7747,18,0.0,82,0,Clear,41,15,Open
REC-00647,2026-02-24 04:46:00,Sikkim,Pakyong (Airport Corridor),NH-717A,Rorathang - Pakyong Multi-Modal Link,Hill Slope Terraces,1487,31,57,43,7,0.0,0.0,19.4,13.6,54,1894,21,0.0,142,0,Clear,25,7,Open
REC-00648,2025-09-11 20:26:00,Nagaland,Mokokchung,NH-702,Amguri - Tuli - Mokokchung Industrial Corridor,Hilly Ridge Crest,1571,32,62,44,5,0.0,0.0,88.6,20.9,99,2822,30,0.0,43,0,Clear,33,8,Open
REC-00649,2025-04-12 20:07:00,Mizoram,Lunglei,NH-54,Thenzawl - Lunglei Southern Lifeline,Rugged Mountain Escarpment,1180,27,55,45,6,0.0,0.0,57.6,20.1,64,9667,13,5.3,54,0,Clear,34,12,Open
REC-00650,2025-07-25 20:29:00,Manipur,Noney & Tamenglong,NH-37,Noney Tupul - Makru Bridge Mountain Link,Steep Hillside Chokepoint,1040,38,43,25,9,197.5,746.1,89.7,24.5,98,2251,23,0.0,55,1,Flash Flood,83,580,Blocked
REC-00651,2026-06-17 13:03:00,Tripura,West Tripura (Agartala),NH-8,Churaibari Gate - Teliamura - Agartala Arterial,Tripura Plain / Low Hillocks,15,9,78,67,3,6.7,22.4,66.7,34.9,86,7675,10,0.0,80,0,Clear,15,7,Open
REC-00652,2025-12-29 03:49:00,Sikkim,Gangtok & Mangan,NH-10,Rangpo Border - 29th Mile Teesta Gorge - Gangtok,Teesta River Canyon Chokepoint,1544,43,46,26,10,0.0,0.0,36.2,4.8,42,1489,5,0.0,72,0,Clear,37,11,Open
REC-00653,2026-05-09 22:47:00,Sikkim,Gangtok & Mangan,NH-10,Rangpo Border - 29th Mile Teesta Gorge - Gangtok,Teesta River Canyon Chokepoint,1394,51,59,21,10,53.6,99.5,50.3,19.4,61,7874,15,0.0,196,0,Clear,51,3,Open
REC-00654,2026-05-28 00:46:00,Mizoram,Aizawl & Kolasib,NH-306,Vairengte Gateway - Hunthar Slope - Aizawl,North-South Structural Ridge,1054,39,57,38,8,0.0,0.0,68.5,18.7,67,1583,8,0.0,202,0,Clear,29,10,Open
REC-00655,2026-03-23 05:54:00,Nagaland,Mokokchung,NH-702,Amguri - Tuli - Mokokchung Industrial Corridor,Hilly Ridge Crest,1430,31,58,45,5,0.0,0.0,27.8,2.6,46,5986,15,0.0,95,0,Clear,20,12,Open
REC-00656,2025-12-28 22:31:00,Arunachal Pradesh,Papum Pare (Itanagar),NH-415,Holongi - Itanagar - Naharlagun Arterial,Sub-Himalayan Foothills,293,27,66,52,5,0.0,0.0,35.1,15.5,70,2626,16,0.0,168,0,Clear,20,2,Open
REC-00657,2025-07-05 02:45:00,Arunachal Pradesh,Papum Pare (Itanagar),NH-415,Holongi - Itanagar - Naharlagun Arterial,Sub-Himalayan Foothills,316,30,73,52,5,54.6,234.4,89.3,27.5,82,7111,12,0.0,225,0,Clear,46,2,Open
REC-00658,2025-11-17 14:52:00,Mizoram,Lunglei,NH-54,Thenzawl - Lunglei Southern Lifeline,Rugged Mountain Escarpment,1361,24,61,54,6,2.6,4.3,33.3,9.2,68,4338,19,0.0,75,0,Clear,19,14,Open
REC-00659,2025-10-14 13:11:00,Sikkim,Gangtok & Mangan,NH-10,Rangpo Border - 29th Mile Teesta Gorge - Gangtok,Teesta River Canyon Chokepoint,1866,49,48,28,10,0.0,0.0,20.4,4.0,36,5118,2,0.0,29,0,Clear,37,2,Open
REC-00660,2026-02-24 22:15:00,Meghalaya,East Jaintia Hills (Sonapur),NH-6,Sonapur Tunnel - Lukha River Gorge Lifeline,Severe Mudslide Karst Chokepoint,1001,47,31,17,10,0.0,0.0,53.3,10.3,70,4532,13,0.0,102,0,Clear,35,14,Open
REC-00661,2025-05-25 14:39:00,Manipur,Noney & Tamenglong,NH-37,Noney Tupul - Makru Bridge Mountain Link,Steep Hillside Chokepoint,979,36,48,33,9,0.0,0.0,67.6,20.8,74,6495,2,3.5,133,0,Clear,40,0,Open
REC-00662,2026-06-16 22:48:00,Tripura,West Tripura (Agartala),NH-8,Churaibari Gate - Teliamura - Agartala Arterial,Tripura Plain / Low Hillocks,15,11,76,64,3,160.8,856.8,88.9,30.9,87,9122,7,0.0,166,0,Severe Waterlogging,59,58,Open
REC-00663,2025-08-01 02:39:00,Nagaland,Kohima & Dimapur,NH-29,Dimapur Bypass - Pagla Pahar - Kohima Ridge,Active Tectonic Sinking Zone,1747,41,53,30,9,107.8,321.6,86.0,13.2,95,3769,32,0.0,145,1,Rockfall,65,164,Caution
REC-00664,2026-07-30 04:54:00,Nagaland,Mokokchung,NH-702,Amguri - Tuli - Mokokchung Industrial Corridor,Hilly Ridge Crest,1267,20,66,53,5,104.8,369.9,89.7,22.2,92,7376,14,0.0,68,0,Severe Waterlogging,60,110,Open
REC-00665,2025-06-02 17:03:00,Assam,Kamrup Metropolitan (Guwahati),NH-27,Guwahati - Saraighat - Rangia Corridor,Valley River Basin,54,6,79,62,2,56.7,142.0,77.9,33.5,89,6941,26,0.0,5,0,Clear,32,4,Open
REC-00666,2025-09-29 14:45:00,Nagaland,Kohima & Dimapur,NH-29,Dimapur Bypass - Pagla Pahar - Kohima Ridge,Active Tectonic Sinking Zone,1493,36,50,35,9,105.6,532.0,83.6,18.1,78,2770,2,0.0,101,1,Rockfall,71,85,Caution
REC-00667,2025-10-15 19:09:00,Tripura,West Tripura (Agartala),NH-8,Churaibari Gate - Teliamura - Agartala Arterial,Tripura Plain / Low Hillocks,15,8,69,69,3,0.0,0.0,56.2,16.7,44,9884,15,3.2,216,0,Clear,21,1,Open
REC-00668,2025-05-31 15:51:00,Nagaland,Kohima & Dimapur,NH-29,Dimapur Bypass - Pagla Pahar - Kohima Ridge,Active Tectonic Sinking Zone,1322,44,44,32,9,45.4,129.7,41.7,19.4,52,9439,2,0.0,83,0,Clear,46,6,Open
REC-00669,2026-06-11 12:27:00,Mizoram,Aizawl & Kolasib,NH-306,Vairengte Gateway - Hunthar Slope - Aizawl,North-South Structural Ridge,1086,40,71,32,8,88.8,322.5,70.4,22.7,88,5505,20,0.0,96,1,Rockfall,63,210,Caution
REC-00670,2026-02-16 23:03:00,Arunachal Pradesh,Tawang & West Kameng,NH-13,"Bhalukpong - Bomdila - Sela Pass (4,170m)",Eastern Himalayan Alpine,3126,44,61,39,8,0.0,0.0,32.9,0.0,62,9384,2,0.0,29,0,Clear,31,14,Open
REC-00671,2025-11-13 22:20:00,Arunachal Pradesh,Tawang & West Kameng,NH-13,"Bhalukpong - Bomdila - Sela Pass (4,170m)",Eastern Himalayan Alpine,3194,43,60,37,8,0.8,1.0,33.9,-4.9,53,101,2,0.0,166,0,Clear,33,0,Open
REC-00672,2025-05-16 04:09:00,Nagaland,Mokokchung,NH-702,Amguri - Tuli - Mokokchung Industrial Corridor,Hilly Ridge Crest,1249,25,69,46,5,0.0,0.0,47.8,12.7,88,5874,18,0.0,238,0,Clear,20,8,Open
REC-00673,2026-08-13 08:38:00,Arunachal Pradesh,Papum Pare (Itanagar),NH-415,Holongi - Itanagar - Naharlagun Arterial,Sub-Himalayan Foothills,321,21,71,51,5,88.4,223.8,81.0,29.6,85,2674,11,0.0,176,0,Clear,51,8,Open
REC-00674,2026-01-17 17:18:00,Nagaland,Mokokchung,NH-702,Amguri - Tuli - Mokokchung Industrial Corridor,Hilly Ridge Crest,1422,20,63,49,5,0.0,0.0,38.9,11.8,58,2882,10,0.0,186,0,Clear,20,12,Open
REC-00675,2025-06-25 22:51:00,Arunachal Pradesh,Tawang & West Kameng,NH-13,"Bhalukpong - Bomdila - Sela Pass (4,170m)",Eastern Himalayan Alpine,2785,45,63,37,8,108.9,393.4,86.4,10.2,87,9051,14,0.0,81,1,Rockfall,74,104,Caution
REC-00676,2026-07-18 06:57:00,Nagaland,Kohima & Dimapur,NH-29,Dimapur Bypass - Pagla Pahar - Kohima Ridge,Active Tectonic Sinking Zone,1433,41,51,26,9,51.9,230.0,77.5,23.3,90,7990,18,3.8,165,1,Rockfall,63,141,Caution
REC-00677,2025-07-24 21:04:00,Assam,Cachar (Silchar),NH-37 / NH-6,Silchar - Badarpur - Kalain Pass,Barak Valley Floodplain,40,10,72,40,4,18.0,78.4,88.6,32.8,96,2500,13,2.7,114,0,Clear,35,1,Open
REC-00678,2025-04-21 20:52:00,Assam,Dima Hasao (Haflong),NH-27,Haflong Hill Section - Jatinga Valley,Rugged Mountain Range,938,43,44,47,9,0.0,0.0,79.9,16.0,65,8837,18,0.0,19,0,Clear,41,4,Open
REC-00679,2026-10-02 11:14:00,Sikkim,Pakyong (Airport Corridor),NH-717A,Rorathang - Pakyong Multi-Modal Link,Hill Slope Terraces,1426,32,67,33,7,3.4,4.0,70.0,13.2,45,3159,15,3.7,205,0,Clear,37,11,Open
REC-00680,2026-05-21 13:56:00,Arunachal Pradesh,Papum Pare (Itanagar),NH-415,Holongi - Itanagar - Naharlagun Arterial,Sub-Himalayan Foothills,335,22,79,58,5,0.0,0.0,72.1,26.1,63,9482,15,0.0,160,0,Clear,22,14,Open
REC-00681,2026-04-19 20:19:00,Sikkim,Gangtok & Mangan,NH-10,Rangpo Border - 29th Mile Teesta Gorge - Gangtok,Teesta River Canyon Chokepoint,1585,47,43,19,10,0.0,0.0,64.5,17.8,76,7552,2,3.1,86,0,Clear,47,5,Open
REC-00682,2025-04-25 22:13:00,Sikkim,Pakyong (Airport Corridor),NH-717A,Rorathang - Pakyong Multi-Modal Link,Hill Slope Terraces,1211,37,56,39,7,0.0,0.0,74.6,20.2,71,4040,18,0.0,162,0,Clear,29,1,Open
REC-00683,2025-06-06 02:01:00,Meghalaya,East Khasi Hills (Shillong),NH-6,Umiam - Mawlai - Shillong Peak Bypass,Highland Plateau,1588,29,71,51,6,70.2,177.3,84.1,23.1,85,3267,10,0.0,112,1,Severe Waterlogging,47,159,Caution
REC-00684,2026-03-13 22:11:00,Tripura,West Tripura (Agartala),NH-8,Churaibari Gate - Teliamura - Agartala Arterial,Tripura Plain / Low Hillocks,15,13,76,54,3,0.0,0.0,15.1,14.5,45,3393,11,0.0,55,0,Clear,16,7,Open
REC-00685,2025-08-29 14:06:00,Meghalaya,East Khasi Hills (Shillong),NH-6,Umiam - Mawlai - Shillong Peak Bypass,Highland Plateau,1576,38,66,60,6,65.9,240.1,76.6,22.2,84,6737,23,0.0,86,1,Rockfall,56,81,Caution
REC-00686,2025-06-10 05:08:00,Nagaland,Kohima & Dimapur,NH-29,Dimapur Bypass - Pagla Pahar - Kohima Ridge,Active Tectonic Sinking Zone,1651,46,43,23,9,45.8,200.2,72.2,22.9,71,6054,12,0.0,148,1,Rockfall,61,219,Caution
REC-00687,2025-09-21 11:54:00,Sikkim,Gangtok & Mangan,NH-10,Rangpo Border - 29th Mile Teesta Gorge - Gangtok,Teesta River Canyon Chokepoint,1633,48,51,17,10,64.1,349.1,94.0,22.8,89,4712,12,0.0,75,1,Rockfall,72,145,Caution
REC-00688,2025-08-12 19:00:00,Assam,Cachar (Silchar),NH-37 / NH-6,Silchar - Badarpur - Kalain Pass,Barak Valley Floodplain,37,9,69,35,4,63.0,296.3,91.7,35.4,88,6946,16,0.0,158,0,Clear,41,10,Open
REC-00689,2026-03-21 23:16:00,Meghalaya,East Jaintia Hills (Sonapur),NH-6,Sonapur Tunnel - Lukha River Gorge Lifeline,Severe Mudslide Karst Chokepoint,916,47,45,25,10,0.0,0.0,32.7,10.9,81,9136,7,0.0,151,0,Clear,32,5,Open
REC-00690,2025-06-06 04:36:00,Nagaland,Kohima & Dimapur,NH-29,Dimapur Bypass - Pagla Pahar - Kohima Ridge,Active Tectonic Sinking Zone,1445,42,54,22,9,89.8,457.2,65.5,17.9,89,1953,20,0.0,189,0,Rockfall,66,240,Open
REC-00691,2025-10-22 23:59:00,Meghalaya,East Jaintia Hills (Sonapur),NH-6,Sonapur Tunnel - Lukha River Gorge Lifeline,Severe Mudslide Karst Chokepoint,893,48,37,28,10,0.3,0.6,30.4,13.0,76,2101,5,0.0,174,0,Clear,30,15,Open
REC-00692,2025-06-02 14:11:00,Mizoram,Aizawl & Kolasib,NH-306,Vairengte Gateway - Hunthar Slope - Aizawl,North-South Structural Ridge,1116,44,53,39,8,67.1,269.9,99.0,23.3,98,2831,11,0.0,154,0,Rockfall,70,222,Open
REC-00693,2026-05-28 16:40:00,Mizoram,Aizawl & Kolasib,NH-306,Vairengte Gateway - Hunthar Slope - Aizawl,North-South Structural Ridge,1021,30,58,39,8,19.2,56.7,75.4,13.9,70,4923,13,3.9,154,0,Clear,44,14,Open
REC-00694,2025-06-30 10:37:00,Assam,Kamrup Metropolitan (Guwahati),NH-27,Guwahati - Saraighat - Rangia Corridor,Valley River Basin,46,2,73,59,2,17.3,83.3,95.3,28.0,81,6027,8,0.0,116,0,Clear,24,10,Open
REC-00695,2025-11-20 18:10:00,Arunachal Pradesh,Papum Pare (Itanagar),NH-415,Holongi - Itanagar - Naharlagun Arterial,Sub-Himalayan Foothills,359,15,79,50,5,1.5,2.2,15.0,10.5,61,8208,17,0.0,115,0,Clear,12,10,Open
REC-00696,2025-08-31 12:23:00,Nagaland,Mokokchung,NH-702,Amguri - Tuli - Mokokchung Industrial Corridor,Hilly Ridge Crest,1450,28,62,45,5,144.4,647.7,83.5,23.6,93,7210,7,0.0,128,0,Severe Waterlogging,71,93,Open
REC-00697,2026-08-25 13:27:00,Tripura,West Tripura (Agartala),NH-8,Churaibari Gate - Teliamura - Agartala Arterial,Tripura Plain / Low Hillocks,17,13,74,64,3,0.0,0.0,96.2,33.9,99,8610,16,0.0,165,0,Clear,23,15,Open
REC-00698,2026-02-10 20:10:00,Assam,Kamrup Metropolitan (Guwahati),NH-27,Guwahati - Saraighat - Rangia Corridor,Valley River Basin,50,5,77,64,2,0.0,0.0,24.9,16.4,43,2899,20,0.0,141,0,Clear,9,6,Open
REC-00699,2025-11-26 10:40:00,Mizoram,Lunglei,NH-54,Thenzawl - Lunglei Southern Lifeline,Rugged Mountain Escarpment,1144,32,56,37,6,0.0,0.0,37.9,11.0,40,6072,17,0.0,5,0,Clear,21,7,Open
REC-00700,2026-07-26 00:20:00,Tripura,West Tripura (Agartala),NH-8,Churaibari Gate - Teliamura - Agartala Arterial,Tripura Plain / Low Hillocks,15,4,70,60,3,44.9,213.3,81.7,32.1,85,5158,21,0.0,144,0,Clear,30,15,Open
REC-00701,2025-11-15 20:00:00,Manipur,Imphal West (Imphal),NH-102,Imphal - Thoubal - Moreh Trans-Asian Highway,Manipur Central Valley,789,13,58,42,3,0.0,0.0,48.1,15.0,48,5947,6,0.0,74,0,Clear,15,1,Open
REC-00702,2026-09-19 16:18:00,Arunachal Pradesh,Papum Pare (Itanagar),NH-415,Holongi - Itanagar - Naharlagun Arterial,Sub-Himalayan Foothills,332,21,59,52,5,51.9,168.4,70.9,30.4,96,1272,20,0.0,121,0,Clear,41,4,Open
REC-00703,2026-04-27 17:10:00,Sikkim,Pakyong (Airport Corridor),NH-717A,Rorathang - Pakyong Multi-Modal Link,Hill Slope Terraces,1435,33,70,37,7,0.0,0.0,45.9,14.0,70,3468,7,2.7,92,0,Clear,35,12,Open
REC-00704,2026-06-19 20:20:00,Assam,Kamrup Metropolitan (Guwahati),NH-27,Guwahati - Saraighat - Rangia Corridor,Valley River Basin,58,8,84,66,2,131.1,483.3,73.2,28.7,99,9183,9,4.6,134,1,Severe Waterlogging,61,105,Caution
REC-00705,2026-04-04 11:21:00,Assam,Dima Hasao (Haflong),NH-27,Haflong Hill Section - Jatinga Valley,Rugged Mountain Range,976,31,62,39,9,45.0,85.4,66.7,21.9,68,3339,10,0.0,112,0,Clear,44,1,Open
REC-00706,2025-05-24 20:53:00,Assam,Kamrup Metropolitan (Guwahati),NH-27,Guwahati - Saraighat - Rangia Corridor,Valley River Basin,55,2,90,57,2,11.8,32.8,55.6,26.9,72,6034,12,0.0,123,0,Clear,15,15,Open
REC-00707,2026-05-30 17:04:00,Assam,Kamrup Metropolitan (Guwahati),NH-27,Guwahati - Saraighat - Rangia Corridor,Valley River Basin,54,6,82,65,2,57.3,119.9,65.0,22.5,70,6831,2,0.0,113,0,Clear,25,8,Open
REC-00708,2026-09-06 12:10:00,Nagaland,Kohima & Dimapur,NH-29,Dimapur Bypass - Pagla Pahar - Kohima Ridge,Active Tectonic Sinking Zone,1526,48,49,27,9,19.8,99.1,82.2,19.3,81,8199,21,4.2,78,0,Clear,56,1,Open
REC-00709,2025-07-19 23:59:00,Nagaland,Mokokchung,NH-702,Amguri - Tuli - Mokokchung Industrial Corridor,Hilly Ridge Crest,1124,24,57,38,5,86.2,363.0,77.3,20.1,87,5770,12,0.0,135,0,Clear,55,9,Open
REC-00710,2025-11-08 05:55:00,Assam,Kamrup Metropolitan (Guwahati),NH-27,Guwahati - Saraighat - Rangia Corridor,Valley River Basin,48,4,71,59,2,0.0,0.0,47.0,18.3,51,8855,3,0.0,130,0,Clear,13,0,Open
REC-00711,2025-05-22 00:17:00,Assam,Kamrup Metropolitan (Guwahati),NH-27,Guwahati - Saraighat - Rangia Corridor,Valley River Basin,52,7,80,60,2,30.6,94.9,55.2,27.3,83,3925,15,0.0,117,0,Clear,26,9,Open
REC-00712,2025-08-01 09:09:00,Assam,Cachar (Silchar),NH-37 / NH-6,Silchar - Badarpur - Kalain Pass,Barak Valley Floodplain,33,17,73,51,4,56.7,292.7,99.0,29.8,89,1297,27,0.0,24,0,Clear,40,8,Open
REC-00713,2025-04-24 22:36:00,Manipur,Noney & Tamenglong,NH-37,Noney Tupul - Makru Bridge Mountain Link,Steep Hillside Chokepoint,1088,44,51,28,9,39.5,97.6,59.0,21.8,65,8430,15,0.0,197,0,Clear,46,8,Open
REC-00714,2026-08-04 06:51:00,Mizoram,Aizawl & Kolasib,NH-306,Vairengte Gateway - Hunthar Slope - Aizawl,North-South Structural Ridge,1260,40,58,43,8,57.7,311.0,96.8,16.1,92,1522,24,0.0,38,0,Rockfall,61,153,Open
REC-00715,2026-04-12 14:52:00,Assam,Dima Hasao (Haflong),NH-27,Haflong Hill Section - Jatinga Valley,Rugged Mountain Range,892,41,63,32,9,73.2,180.2,71.3,22.7,87,6481,24,0.0,69,0,Rockfall,54,232,Open
REC-00716,2026-10-08 13:23:00,Tripura,West Tripura (Agartala),NH-8,Churaibari Gate - Teliamura - Agartala Arterial,Tripura Plain / Low Hillocks,16,7,80,69,3,0.0,0.0,34.9,14.9,61,3491,17,0.0,45,0,Clear,11,10,Open
REC-00717,2025-08-21 06:52:00,Arunachal Pradesh,Tawang & West Kameng,NH-13,"Bhalukpong - Bomdila - Sela Pass (4,170m)",Eastern Himalayan Alpine,3233,46,50,39,8,58.5,219.8,78.1,11.3,95,866,13,0.0,195,0,Clear,57,10,Open
REC-00718,2026-05-10 16:42:00,Nagaland,Kohima & Dimapur,NH-29,Dimapur Bypass - Pagla Pahar - Kohima Ridge,Active Tectonic Sinking Zone,1282,43,49,24,9,0.0,0.0,62.7,20.5,82,8232,21,0.0,85,0,Clear,30,3,Open
REC-00719,2025-08-26 02:44:00,Tripura,West Tripura (Agartala),NH-8,Churaibari Gate - Teliamura - Agartala Arterial,Tripura Plain / Low Hillocks,15,16,71,63,3,96.9,360.3,79.7,34.5,92,1185,20,0.0,125,0,Clear,54,3,Open
REC-00720,2026-04-02 21:25:00,Sikkim,Gangtok & Mangan,NH-10,Rangpo Border - 29th Mile Teesta Gorge - Gangtok,Teesta River Canyon Chokepoint,1570,52,45,19,10,36.2,65.7,48.8,11.7,65,1486,2,0.0,189,0,Clear,49,15,Open
REC-00721,2026-10-04 03:27:00,Nagaland,Mokokchung,NH-702,Amguri - Tuli - Mokokchung Industrial Corridor,Hilly Ridge Crest,1300,28,60,47,5,0.0,0.0,19.2,12.4,80,2222,16,0.0,95,0,Clear,15,3,Open
REC-00722,2026-04-24 23:21:00,Sikkim,Pakyong (Airport Corridor),NH-717A,Rorathang - Pakyong Multi-Modal Link,Hill Slope Terraces,1524,36,63,39,7,28.9,53.4,90.0,14.7,64,7527,24,0.0,171,0,Clear,41,5,Open
REC-00723,2026-01-07 22:36:00,Sikkim,Pakyong (Airport Corridor),NH-717A,Rorathang - Pakyong Multi-Modal Link,Hill Slope Terraces,1321,29,67,38,7,0.0,0.0,34.9,7.4,52,8201,12,0.0,154,0,Clear,27,6,Open
REC-00724,2026-08-11 07:00:00,Tripura,West Tripura (Agartala),NH-8,Churaibari Gate - Teliamura - Agartala Arterial,Tripura Plain / Low Hillocks,15,13,79,62,3,135.9,497.7,81.5,31.3,76,8883,19,0.0,32,0,Clear,57,4,Open
REC-00725,2025-04-25 14:31:00,Meghalaya,East Jaintia Hills (Sonapur),NH-6,Sonapur Tunnel - Lukha River Gorge Lifeline,Severe Mudslide Karst Chokepoint,872,46,45,26,10,0.0,0.0,77.3,19.4,53,8560,22,0.0,133,0,Clear,44,15,Open
REC-00726,2026-09-02 07:58:00,Nagaland,Mokokchung,NH-702,Amguri - Tuli - Mokokchung Industrial Corridor,Hilly Ridge Crest,1383,29,62,49,5,18.8,99.3,83.4,24.2,89,9744,25,0.0,118,0,Clear,34,13,Open
REC-00727,2025-05-11 07:12:00,Meghalaya,East Khasi Hills (Shillong),NH-6,Umiam - Mawlai - Shillong Peak Bypass,Highland Plateau,1528,32,83,57,6,33.0,91.8,66.4,14.9,76,5156,13,0.0,115,0,Clear,40,6,Open
REC-00728,2026-08-03 15:13:00,Tripura,West Tripura (Agartala),NH-8,Churaibari Gate - Teliamura - Agartala Arterial,Tripura Plain / Low Hillocks,15,8,79,54,3,2.9,8.1,71.2,32.7,95,9153,17,0.0,124,0,Clear,18,5,Open
REC-00729,2026-05-29 20:23:00,Manipur,Imphal West (Imphal),NH-102,Imphal - Thoubal - Moreh Trans-Asian Highway,Manipur Central Valley,767,12,61,42,3,68.3,161.8,49.2,23.3,72,3955,5,0.0,5,0,Clear,34,13,Open
REC-00730,2025-12-04 19:33:00,Arunachal Pradesh,Tawang & West Kameng,NH-13,"Bhalukpong - Bomdila - Sela Pass (4,170m)",Eastern Himalayan Alpine,3073,46,65,38,8,0.0,0.0,29.8,-1.5,52,3184,14,0.0,103,0,Clear,33,10,Open
REC-00731,2026-07-26 16:31:00,Mizoram,Aizawl & Kolasib,NH-306,Vairengte Gateway - Hunthar Slope - Aizawl,North-South Structural Ridge,1062,27,56,41,8,61.6,225.4,92.5,22.2,79,3048,6,0.0,178,1,Minor Slump & Slippage,55,46,Caution
REC-00732,2026-01-03 09:38:00,Manipur,Noney & Tamenglong,NH-37,Noney Tupul - Makru Bridge Mountain Link,Steep Hillside Chokepoint,913,40,48,36,9,0.0,0.0,53.1,10.4,40,9281,28,0.0,105,0,Clear,32,4,Open
REC-00733,2025-10-12 21:43:00,Mizoram,Aizawl & Kolasib,NH-306,Vairengte Gateway - Hunthar Slope - Aizawl,North-South Structural Ridge,1083,34,62,28,8,0.0,0.0,27.3,10.1,74,4847,2,0.0,148,0,Clear,30,15,Open
REC-00734,2025-12-08 12:30:00,Nagaland,Kohima & Dimapur,NH-29,Dimapur Bypass - Pagla Pahar - Kohima Ridge,Active Tectonic Sinking Zone,1442,41,37,27,9,0.0,0.0,26.2,10.4,57,7240,19,3.0,245,0,Clear,38,8,Open
REC-00735,2025-10-21 08:03:00,Sikkim,Gangtok & Mangan,NH-10,Rangpo Border - 29th Mile Teesta Gorge - Gangtok,Teesta River Canyon Chokepoint,1544,51,49,23,10,0.0,0.0,30.2,8.8,55,1692,17,2.7,177,0,Clear,41,13,Open
REC-00736,2025-05-11 21:36:00,Arunachal Pradesh,Papum Pare (Itanagar),NH-415,Holongi - Itanagar - Naharlagun Arterial,Sub-Himalayan Foothills,299,24,70,61,5,36.3,115.0,62.7,25.8,70,5170,20,0.0,95,0,Clear,35,12,Open
REC-00737,2026-10-07 19:01:00,Arunachal Pradesh,Papum Pare (Itanagar),NH-415,Holongi - Itanagar - Naharlagun Arterial,Sub-Himalayan Foothills,249,23,63,46,5,0.0,0.0,28.9,19.2,53,2367,14,0.0,181,0,Clear,21,0,Open
REC-00738,2026-02-10 13:37:00,Manipur,Imphal West (Imphal),NH-102,Imphal - Thoubal - Moreh Trans-Asian Highway,Manipur Central Valley,801,16,64,46,3,0.0,0.0,31.0,10.7,46,8076,2,0.0,154,0,Clear,12,15,Open
REC-00739,2026-09-19 10:20:00,Sikkim,Gangtok & Mangan,NH-10,Rangpo Border - 29th Mile Teesta Gorge - Gangtok,Teesta River Canyon Chokepoint,1566,50,45,21,10,55.8,143.0,72.1,22.4,87,6987,16,0.0,85,1,Rockfall,58,119,Caution
REC-00740,2026-07-25 00:43:00,Nagaland,Mokokchung,NH-702,Amguri - Tuli - Mokokchung Industrial Corridor,Hilly Ridge Crest,1381,25,64,43,5,95.9,440.4,79.0,24.5,74,7041,22,0.0,128,0,Clear,57,8,Open
REC-00741,2025-09-09 05:14:00,Tripura,West Tripura (Agartala),NH-8,Churaibari Gate - Teliamura - Agartala Arterial,Tripura Plain / Low Hillocks,15,2,77,58,3,94.1,476.2,73.7,34.3,79,4545,13,0.0,142,0,Clear,45,2,Open
REC-00742,2026-07-08 04:18:00,Manipur,Noney & Tamenglong,NH-37,Noney Tupul - Makru Bridge Mountain Link,Steep Hillside Chokepoint,1054,42,42,36,9,95.3,487.3,90.3,26.0,91,2311,6,0.0,66,1,Rockfall,71,168,Caution
REC-00743,2025-11-28 00:51:00,Arunachal Pradesh,Tawang & West Kameng,NH-13,"Bhalukpong - Bomdila - Sela Pass (4,170m)",Eastern Himalayan Alpine,3243,44,57,36,8,0.0,0.0,26.8,1.3,73,8378,6,0.0,101,0,Clear,30,5,Open
REC-00744,2026-09-08 00:32:00,Manipur,Noney & Tamenglong,NH-37,Noney Tupul - Makru Bridge Mountain Link,Steep Hillside Chokepoint,1023,42,51,33,9,26.1,104.8,87.0,28.7,89,6816,25,0.0,111,0,Clear,49,7,Open
REC-00745,2025-05-14 02:24:00,Arunachal Pradesh,Tawang & West Kameng,NH-13,"Bhalukpong - Bomdila - Sela Pass (4,170m)",Eastern Himalayan Alpine,3073,38,51,41,8,38.5,97.8,69.3,4.8,51,9402,2,0.0,138,0,Clear,46,8,Open
REC-00746,2025-09-18 16:54:00,Sikkim,Gangtok & Mangan,NH-10,Rangpo Border - 29th Mile Teesta Gorge - Gangtok,Teesta River Canyon Chokepoint,1547,47,39,21,10,25.9,103.6,84.3,20.9,82,7556,24,0.0,115,0,Clear,51,6,Open
REC-00747,2025-08-29 14:55:00,Sikkim,Gangtok & Mangan,NH-10,Rangpo Border - 29th Mile Teesta Gorge - Gangtok,Teesta River Canyon Chokepoint,1522,55,50,17,10,1.0,2.9,72.9,26.3,90,7993,13,0.0,180,0,Clear,48,7,Open
REC-00748,2025-07-13 09:23:00,Meghalaya,East Jaintia Hills (Sonapur),NH-6,Sonapur Tunnel - Lukha River Gorge Lifeline,Severe Mudslide Karst Chokepoint,846,44,46,28,10,148.3,394.4,72.4,24.6,89,9197,9,0.0,283,1,Flash Flood,78,409,Blocked
REC-00749,2026-02-12 16:10:00,Arunachal Pradesh,Papum Pare (Itanagar),NH-415,Holongi - Itanagar - Naharlagun Arterial,Sub-Himalayan Foothills,283,23,69,56,5,0.4,0.7,31.7,14.3,53,6272,20,0.0,38,0,Clear,20,3,Open
REC-00750,2026-08-13 13:48:00,Sikkim,Pakyong (Airport Corridor),NH-717A,Rorathang - Pakyong Multi-Modal Link,Hill Slope Terraces,1221,37,62,38,7,0.0,0.0,80.7,24.1,87,6991,7,0.0,203,0,Clear,34,12,Open
REC-00751,2026-05-09 07:02:00,Manipur,Noney & Tamenglong,NH-37,Noney Tupul - Makru Bridge Mountain Link,Steep Hillside Chokepoint,935,43,51,41,9,8.5,15.8,68.0,21.5,72,7794,2,0.0,115,0,Clear,39,1,Open
REC-00752,2026-08-08 02:14:00,Manipur,Noney & Tamenglong,NH-37,Noney Tupul - Makru Bridge Mountain Link,Steep Hillside Chokepoint,981,33,46,20,9,0.0,0.0,87.6,27.0,84,6896,25,0.0,5,0,Clear,37,10,Open
REC-00753,2026-09-15 21:17:00,Meghalaya,East Jaintia Hills (Sonapur),NH-6,Sonapur Tunnel - Lukha River Gorge Lifeline,Severe Mudslide Karst Chokepoint,920,44,49,19,10,27.9,137.2,83.3,25.2,82,5724,32,0.0,110,0,Clear,50,8,Open
REC-00754,2025-08-30 17:14:00,Meghalaya,East Khasi Hills (Shillong),NH-6,Umiam - Mawlai - Shillong Peak Bypass,Highland Plateau,1540,36,78,48,6,82.7,444.0,76.2,23.8,83,6747,7,0.0,151,1,Rockfall,55,140,Caution
REC-00755,2026-06-21 12:52:00,Assam,Cachar (Silchar),NH-37 / NH-6,Silchar - Badarpur - Kalain Pass,Barak Valley Floodplain,33,15,64,47,4,0.0,0.0,58.2,30.8,99,8858,22,0.0,86,0,Clear,20,7,Open
REC-00756,2026-03-11 05:38:00,Arunachal Pradesh,Tawang & West Kameng,NH-13,"Bhalukpong - Bomdila - Sela Pass (4,170m)",Eastern Himalayan Alpine,3057,44,58,32,8,0.0,0.0,38.6,-4.7,57,2312,11,0.0,145,0,Clear,32,15,Open
REC-00757,2025-05-04 04:18:00,Arunachal Pradesh,Tawang & West Kameng,NH-13,"Bhalukpong - Bomdila - Sela Pass (4,170m)",Eastern Himalayan Alpine,2844,43,57,46,8,48.8,134.7,58.5,7.2,77,5875,12,0.0,134,0,Clear,48,5,Open
REC-00758,2026-08-16 03:17:00,Nagaland,Mokokchung,NH-702,Amguri - Tuli - Mokokchung Industrial Corridor,Hilly Ridge Crest,1367,25,58,42,5,38.5,164.8,72.9,26.2,81,5059,18,0.0,131,0,Clear,39,9,Open
REC-00759,2026-05-08 10:42:00,Assam,Cachar (Silchar),NH-37 / NH-6,Silchar - Badarpur - Kalain Pass,Barak Valley Floodplain,34,7,72,43,4,39.7,96.6,74.5,22.0,81,7648,16,0.0,78,0,Clear,29,4,Open
REC-00760,2025-06-21 01:37:00,Assam,Cachar (Silchar),NH-37 / NH-6,Silchar - Badarpur - Kalain Pass,Barak Valley Floodplain,38,16,73,39,4,90.5,463.9,99.0,31.3,99,6042,21,0.0,107,1,Severe Waterlogging,59,122,Caution
REC-00761,2026-07-29 20:02:00,Arunachal Pradesh,Papum Pare (Itanagar),NH-415,Holongi - Itanagar - Naharlagun Arterial,Sub-Himalayan Foothills,334,25,65,58,5,35.5,125.5,89.5,27.5,99,8952,2,0.0,155,0,Clear,41,13,Open
REC-00762,2025-10-06 00:55:00,Mizoram,Lunglei,NH-54,Thenzawl - Lunglei Southern Lifeline,Rugged Mountain Escarpment,1278,36,53,48,6,0.0,0.0,19.9,9.6,43,3099,14,0.0,201,0,Clear,19,11,Open
REC-00763,2026-04-17 10:00:00,Mizoram,Lunglei,NH-54,Thenzawl - Lunglei Southern Lifeline,Rugged Mountain Escarpment,1238,36,48,45,6,46.2,89.9,65.3,15.9,45,9073,2,0.0,63,0,Clear,38,6,Open
REC-00764,2025-05-11 14:46:00,Sikkim,Gangtok & Mangan,NH-10,Rangpo Border - 29th Mile Teesta Gorge - Gangtok,Teesta River Canyon Chokepoint,1679,55,44,25,10,7.6,24.3,53.3,15.5,62,1828,2,0.0,139,0,Clear,43,7,Open
REC-00765,2025-12-28 09:57:00,Sikkim,Pakyong (Airport Corridor),NH-717A,Rorathang - Pakyong Multi-Modal Link,Hill Slope Terraces,1582,34,65,41,7,0.0,0.0,43.6,9.7,58,1464,16,0.0,229,0,Clear,32,13,Open
REC-00766,2026-08-27 23:50:00,Assam,Kamrup Metropolitan (Guwahati),NH-27,Guwahati - Saraighat - Rangia Corridor,Valley River Basin,52,3,88,67,2,102.3,491.1,86.0,29.0,74,9849,9,0.0,152,0,Clear,48,10,Open
REC-00767,2026-10-11 20:12:00,Arunachal Pradesh,Tawang & West Kameng,NH-13,"Bhalukpong - Bomdila - Sela Pass (4,170m)",Eastern Himalayan Alpine,3505,50,58,45,8,1.9,2.5,35.3,-5.0,68,5589,9,0.0,7,0,Clear,35,3,Open
REC-00768,2026-02-11 17:44:00,Mizoram,Aizawl & Kolasib,NH-306,Vairengte Gateway - Hunthar Slope - Aizawl,North-South Structural Ridge,1136,35,66,41,8,0.0,0.0,55.2,10.9,52,5224,27,0.0,169,0,Clear,34,14,Open
REC-00769,2026-08-06 21:39:00,Meghalaya,East Khasi Hills (Shillong),NH-6,Umiam - Mawlai - Shillong Peak Bypass,Highland Plateau,1621,35,59,51,6,61.7,300.3,86.1,27.1,83,1098,23,0.0,75,1,Minor Slump & Slippage,56,74,Caution
REC-00770,2026-08-04 20:22:00,Arunachal Pradesh,Papum Pare (Itanagar),NH-415,Holongi - Itanagar - Naharlagun Arterial,Sub-Himalayan Foothills,277,26,69,48,5,100.1,259.2,92.7,30.6,76,3544,5,0.0,52,1,Severe Waterlogging,55,103,Caution
REC-00771,2026-07-13 12:20:00,Tripura,West Tripura (Agartala),NH-8,Churaibari Gate - Teliamura - Agartala Arterial,Tripura Plain / Low Hillocks,15,2,76,69,3,46.3,121.6,76.8,37.7,87,6903,9,0.0,69,0,Clear,33,3,Open
REC-00772,2026-07-29 15:35:00,Meghalaya,East Jaintia Hills (Sonapur),NH-6,Sonapur Tunnel - Lukha River Gorge Lifeline,Severe Mudslide Karst Chokepoint,877,47,54,25,10,109.2,599.3,80.6,27.4,80,5912,7,0.0,104,1,Rockfall,79,95,Caution
REC-00773,2026-04-24 04:17:00,Manipur,Noney & Tamenglong,NH-37,Noney Tupul - Makru Bridge Mountain Link,Steep Hillside Chokepoint,974,40,51,32,9,11.2,21.3,73.1,21.6,67,1172,20,0.0,128,0,Clear,35,3,Open
REC-00774,2025-07-26 03:16:00,Nagaland,Kohima & Dimapur,NH-29,Dimapur Bypass - Pagla Pahar - Kohima Ridge,Active Tectonic Sinking Zone,1308,37,57,30,9,55.5,266.6,79.9,24.2,91,5903,15,0.0,48,0,Clear,51,9,Open
REC-00775,2025-07-12 12:48:00,Mizoram,Aizawl & Kolasib,NH-306,Vairengte Gateway - Hunthar Slope - Aizawl,North-South Structural Ridge,1176,35,60,32,8,100.3,514.9,78.4,23.0,94,2345,24,0.0,94,0,Severe Waterlogging,63,108,Open
REC-00776,2026-03-09 05:11:00,Assam,Dima Hasao (Haflong),NH-27,Haflong Hill Section - Jatinga Valley,Rugged Mountain Range,879,40,54,19,9,0.0,0.0,44.6,12.5,66,2875,23,0.0,251,0,Clear,36,8,Open
REC-00777,2026-08-18 17:15:00,Arunachal Pradesh,Papum Pare (Itanagar),NH-415,Holongi - Itanagar - Naharlagun Arterial,Sub-Himalayan Foothills,331,28,71,58,5,66.8,178.9,85.6,28.4,99,7542,20,0.0,109,1,Minor Slump & Slippage,46,71,Caution
REC-00778,2025-04-02 03:25:00,Tripura,West Tripura (Agartala),NH-8,Churaibari Gate - Teliamura - Agartala Arterial,Tripura Plain / Low Hillocks,15,2,69,59,3,0.0,0.0,46.6,22.7,52,4876,15,0.0,132,0,Clear,11,6,Open
REC-00779,2025-07-25 18:00:00,Manipur,Noney & Tamenglong,NH-37,Noney Tupul - Makru Bridge Mountain Link,Steep Hillside Chokepoint,1017,42,45,34,9,43.0,191.6,78.2,25.8,73,2819,18,0.0,91,0,Clear,49,14,Open
REC-00780,2025-08-28 06:24:00,Arunachal Pradesh,Papum Pare (Itanagar),NH-415,Holongi - Itanagar - Naharlagun Arterial,Sub-Himalayan Foothills,294,28,72,60,5,10.1,51.3,98.1,29.2,83,4930,22,5.1,121,0,Clear,42,9,Open
REC-00781,2026-01-16 08:11:00,Meghalaya,East Jaintia Hills (Sonapur),NH-6,Sonapur Tunnel - Lukha River Gorge Lifeline,Severe Mudslide Karst Chokepoint,804,44,45,20,10,0.0,0.0,45.0,11.6,58,4475,2,0.0,148,0,Clear,36,4,Open
REC-00782,2025-11-27 20:31:00,Assam,Kamrup Metropolitan (Guwahati),NH-27,Guwahati - Saraighat - Rangia Corridor,Valley River Basin,52,9,74,67,2,0.0,0.0,41.0,19.2,38,4974,11,0.0,75,0,Clear,16,3,Open
REC-00783,2026-01-15 08:51:00,Manipur,Imphal West (Imphal),NH-102,Imphal - Thoubal - Moreh Trans-Asian Highway,Manipur Central Valley,721,22,74,46,3,10.5,20.3,36.6,10.7,64,8943,14,0.0,119,0,Clear,16,0,Open
REC-00784,2025-10-16 05:06:00,Tripura,West Tripura (Agartala),NH-8,Churaibari Gate - Teliamura - Agartala Arterial,Tripura Plain / Low Hillocks,15,9,81,56,3,0.0,0.0,30.7,19.6,38,7385,4,0.0,5,0,Clear,7,10,Open
REC-00785,2026-03-11 11:30:00,Assam,Cachar (Silchar),NH-37 / NH-6,Silchar - Badarpur - Kalain Pass,Barak Valley Floodplain,35,6,69,50,4,0.0,0.0,20.2,16.3,42,2490,10,0.0,107,0,Clear,5,3,Open
REC-00786,2025-08-17 07:47:00,Sikkim,Pakyong (Airport Corridor),NH-717A,Rorathang - Pakyong Multi-Modal Link,Hill Slope Terraces,1493,35,63,46,7,48.9,153.7,80.1,23.8,89,8170,18,0.0,233,0,Clear,46,8,Open
REC-00787,2025-05-16 15:44:00,Manipur,Imphal West (Imphal),NH-102,Imphal - Thoubal - Moreh Trans-Asian Highway,Manipur Central Valley,643,2,74,50,3,22.4,64.1,68.9,22.3,68,7547,16,0.0,102,0,Clear,26,11,Open
REC-00788,2025-09-16 00:47:00,Sikkim,Pakyong (Airport Corridor),NH-717A,Rorathang - Pakyong Multi-Modal Link,Hill Slope Terraces,1339,37,57,42,7,65.0,181.5,80.6,25.6,86,3739,24,0.0,128,0,Rockfall,53,94,Open
REC-00789,2025-07-30 23:58:00,Assam,Cachar (Silchar),NH-37 / NH-6,Silchar - Badarpur - Kalain Pass,Barak Valley Floodplain,29,6,66,37,4,58.0,276.6,72.6,33.4,89,3406,13,0.0,121,0,Clear,39,5,Open
REC-00790,2025-06-14 04:26:00,Arunachal Pradesh,Papum Pare (Itanagar),NH-415,Holongi - Itanagar - Naharlagun Arterial,Sub-Himalayan Foothills,316,28,63,69,5,51.6,145.8,84.4,26.4,99,6207,9,0.0,233,0,Clear,42,14,Open
REC-00791,2025-09-24 19:53:00,Sikkim,Gangtok & Mangan,NH-10,Rangpo Border - 29th Mile Teesta Gorge - Gangtok,Teesta River Canyon Chokepoint,1859,50,51,25,10,75.1,246.4,74.2,19.4,90,7448,10,0.0,219,0,Rockfall,63,239,Open
REC-00792,2026-08-04 12:58:00,Meghalaya,East Khasi Hills (Shillong),NH-6,Umiam - Mawlai - Shillong Peak Bypass,Highland Plateau,1597,32,77,49,6,42.6,189.5,77.7,24.8,73,4740,3,0.0,38,0,Clear,43,2,Open
REC-00793,2026-09-20 17:05:00,Mizoram,Lunglei,NH-54,Thenzawl - Lunglei Southern Lifeline,Rugged Mountain Escarpment,1314,35,59,37,6,62.5,181.8,91.0,22.1,91,4412,12,0.0,95,1,Minor Slump & Slippage,50,59,Caution
REC-00794,2026-01-08 10:01:00,Arunachal Pradesh,Tawang & West Kameng,NH-13,"Bhalukpong - Bomdila - Sela Pass (4,170m)",Eastern Himalayan Alpine,3001,45,52,37,8,0.0,0.0,32.0,-2.1,53,233,13,0.0,34,1,Minor Slump & Slippage,32,71,Caution
REC-00795,2025-05-29 20:47:00,Nagaland,Kohima & Dimapur,NH-29,Dimapur Bypass - Pagla Pahar - Kohima Ridge,Active Tectonic Sinking Zone,1375,43,54,34,9,0.0,0.0,68.4,21.2,73,5549,25,0.0,118,0,Clear,33,15,Open
REC-00796,2026-08-16 16:58:00,Mizoram,Aizawl & Kolasib,NH-306,Vairengte Gateway - Hunthar Slope - Aizawl,North-South Structural Ridge,1254,39,51,32,8,67.9,337.7,76.3,24.5,85,1461,5,2.6,116,0,Rockfall,61,192,Open
REC-00797,2026-09-25 04:25:00,Manipur,Noney & Tamenglong,NH-37,Noney Tupul - Makru Bridge Mountain Link,Steep Hillside Chokepoint,1007,37,48,22,9,109.4,397.5,89.4,27.9,93,1602,13,0.0,165,1,Rockfall,72,220,Caution
REC-00798,2025-05-25 13:13:00,Tripura,West Tripura (Agartala),NH-8,Churaibari Gate - Teliamura - Agartala Arterial,Tripura Plain / Low Hillocks,15,16,78,62,3,27.0,71.8,80.3,25.9,61,9415,15,0.0,140,0,Clear,24,3,Open
REC-00799,2025-12-24 20:46:00,Assam,Kamrup Metropolitan (Guwahati),NH-27,Guwahati - Saraighat - Rangia Corridor,Valley River Basin,64,2,84,61,2,0.0,0.0,46.9,17.6,67,6994,12,0.0,82,0,Clear,9,12,Open
REC-00800,2025-09-22 16:36:00,Mizoram,Aizawl & Kolasib,NH-306,Vairengte Gateway - Hunthar Slope - Aizawl,North-South Structural Ridge,1126,36,60,31,8,43.0,190.7,77.7,27.7,82,2938,4,0.0,108,0,Clear,51,8,Open
REC-00801,2026-07-18 01:52:00,Assam,Dima Hasao (Haflong),NH-27,Haflong Hill Section - Jatinga Valley,Rugged Mountain Range,1114,35,59,30,9,0.0,0.0,97.4,26.2,98,1493,19,0.0,217,0,Clear,39,0,Open
REC-00802,2026-07-26 12:19:00,Assam,Dima Hasao (Haflong),NH-27,Haflong Hill Section - Jatinga Valley,Rugged Mountain Range,834,34,51,39,9,92.1,343.9,80.5,21.0,94,4500,13,0.0,68,1,Severe Waterlogging,64,129,Caution
REC-00803,2026-07-21 19:53:00,Meghalaya,East Jaintia Hills (Sonapur),NH-6,Sonapur Tunnel - Lukha River Gorge Lifeline,Severe Mudslide Karst Chokepoint,988,51,52,19,10,43.1,151.7,67.9,25.5,85,4152,18,0.0,99,0,Clear,53,3,Open
REC-00804,2025-11-14 04:51:00,Nagaland,Mokokchung,NH-702,Amguri - Tuli - Mokokchung Industrial Corridor,Hilly Ridge Crest,1297,29,62,45,5,0.3,0.5,43.7,6.5,36,4054,14,0.0,146,0,Clear,16,1,Open
REC-00805,2025-05-06 23:04:00,Sikkim,Gangtok & Mangan,NH-10,Rangpo Border - 29th Mile Teesta Gorge - Gangtok,Teesta River Canyon Chokepoint,1427,49,46,13,10,0.0,0.0,78.0,15.6,63,8364,21,0.0,185,0,Clear,38,0,Open
REC-00806,2025-10-07 06:52:00,Assam,Kamrup Metropolitan (Guwahati),NH-27,Guwahati - Saraighat - Rangia Corridor,Valley River Basin,47,5,80,60,2,5.5,8.7,29.8,17.3,65,6981,13,0.0,74,0,Clear,5,3,Open
REC-00807,2025-04-04 19:43:00,Sikkim,Gangtok & Mangan,NH-10,Rangpo Border - 29th Mile Teesta Gorge - Gangtok,Teesta River Canyon Chokepoint,1684,49,50,23,10,30.4,88.4,74.0,15.9,74,2818,21,0.0,57,0,Clear,50,10,Open
REC-00808,2025-08-21 13:12:00,Assam,Kamrup Metropolitan (Guwahati),NH-27,Guwahati - Saraighat - Rangia Corridor,Valley River Basin,50,5,90,66,2,119.9,361.1,78.0,34.1,69,6291,17,0.0,160,0,Clear,50,9,Open
REC-00809,2026-09-15 17:26:00,Meghalaya,East Jaintia Hills (Sonapur),NH-6,Sonapur Tunnel - Lukha River Gorge Lifeline,Severe Mudslide Karst Chokepoint,906,48,46,26,10,77.4,278.7,80.9,31.9,99,7823,2,4.5,161,1,Mudflow,73,343,Blocked
REC-00810,2025-05-27 16:56:00,Arunachal Pradesh,Papum Pare (Itanagar),NH-415,Holongi - Itanagar - Naharlagun Arterial,Sub-Himalayan Foothills,364,28,70,67,5,20.3,42.3,35.9,25.1,87,8265,14,5.2,154,0,Clear,33,10,Open
REC-00811,2025-05-24 13:32:00,Nagaland,Kohima & Dimapur,NH-29,Dimapur Bypass - Pagla Pahar - Kohima Ridge,Active Tectonic Sinking Zone,1349,40,64,28,9,0.0,0.0,55.0,13.6,62,3136,2,0.0,5,0,Clear,35,0,Open
REC-00812,2025-10-16 10:19:00,Sikkim,Pakyong (Airport Corridor),NH-717A,Rorathang - Pakyong Multi-Modal Link,Hill Slope Terraces,1218,32,70,34,7,6.6,12.6,40.7,11.0,53,6932,10,0.0,99,0,Clear,33,11,Open
REC-00813,2026-01-22 09:36:00,Assam,Dima Hasao (Haflong),NH-27,Haflong Hill Section - Jatinga Valley,Rugged Mountain Range,954,41,50,35,9,0.1,0.2,37.1,15.4,70,7693,15,0.0,42,0,Clear,28,14,Open
REC-00814,2026-09-17 09:09:00,Assam,Dima Hasao (Haflong),NH-27,Haflong Hill Section - Jatinga Valley,Rugged Mountain Range,1015,37,57,30,9,45.1,185.2,75.4,24.8,93,1148,17,0.0,179,0,Clear,44,5,Open
REC-00815,2025-07-20 05:53:00,Arunachal Pradesh,Papum Pare (Itanagar),NH-415,Holongi - Itanagar - Naharlagun Arterial,Sub-Himalayan Foothills,372,19,70,50,5,80.8,273.4,63.8,31.4,99,1697,3,0.0,170,0,Clear,50,0,Open
REC-00816,2025-09-26 23:13:00,Sikkim,Pakyong (Airport Corridor),NH-717A,Rorathang - Pakyong Multi-Modal Link,Hill Slope Terraces,1274,34,61,36,7,116.5,399.4,97.0,22.1,83,6727,4,0.0,178,0,Severe Waterlogging,67,117,Open
REC-00817,2026-03-19 13:56:00,Assam,Kamrup Metropolitan (Guwahati),NH-27,Guwahati - Saraighat - Rangia Corridor,Valley River Basin,54,8,78,70,2,0.0,0.0,45.6,19.1,46,7455,2,0.0,63,0,Clear,13,12,Open
REC-00818,2026-03-19 13:40:00,Nagaland,Mokokchung,NH-702,Amguri - Tuli - Mokokchung Industrial Corridor,Hilly Ridge Crest,1249,22,69,57,5,5.9,6.0,24.5,10.9,56,9459,18,0.0,49,0,Clear,23,8,Open
REC-00819,2026-10-07 04:15:00,Nagaland,Mokokchung,NH-702,Amguri - Tuli - Mokokchung Industrial Corridor,Hilly Ridge Crest,1492,23,66,47,5,0.0,0.0,39.7,9.0,47,4465,9,4.4,39,0,Clear,26,1,Open
REC-00820,2026-05-02 16:12:00,Meghalaya,East Khasi Hills (Shillong),NH-6,Umiam - Mawlai - Shillong Peak Bypass,Highland Plateau,1802,32,78,56,6,58.1,170.8,70.1,13.7,55,1884,12,0.0,134,0,Clear,49,1,Open
REC-00821,2026-05-23 05:55:00,Sikkim,Pakyong (Airport Corridor),NH-717A,Rorathang - Pakyong Multi-Modal Link,Hill Slope Terraces,1245,36,58,50,7,43.1,115.6,66.6,20.4,86,4412,24,0.0,103,0,Clear,45,12,Open
REC-00822,2025-05-30 22:28:00,Arunachal Pradesh,Tawang & West Kameng,NH-13,"Bhalukpong - Bomdila - Sela Pass (4,170m)",Eastern Himalayan Alpine,3115,45,58,35,8,55.2,158.3,44.1,6.1,66,2308,13,0.0,50,0,Clear,49,2,Open
REC-00823,2025-04-24 12:59:00,Manipur,Noney & Tamenglong,NH-37,Noney Tupul - Makru Bridge Mountain Link,Steep Hillside Chokepoint,997,44,54,28,9,29.4,74.5,54.5,20.2,71,5947,32,0.0,156,0,Clear,41,14,Open
REC-00824,2026-07-20 00:13:00,Assam,Dima Hasao (Haflong),NH-27,Haflong Hill Section - Jatinga Valley,Rugged Mountain Range,1022,39,59,38,9,121.4,363.3,64.6,25.4,96,7712,14,0.0,191,1,Landslide,66,242,Blocked
REC-00825,2025-11-10 14:04:00,Arunachal Pradesh,Papum Pare (Itanagar),NH-415,Holongi - Itanagar - Naharlagun Arterial,Sub-Himalayan Foothills,352,23,72,63,5,0.0,0.0,30.9,14.2,49,6092,29,0.0,155,0,Clear,17,1,Open
REC-00826,2026-07-07 06:43:00,Manipur,Imphal West (Imphal),NH-102,Imphal - Thoubal - Moreh Trans-Asian Highway,Manipur Central Valley,813,15,69,50,3,80.4,261.3,91.1,22.4,93,9211,17,0.0,123,0,Clear,47,15,Open
REC-00827,2025-07-14 20:12:00,Arunachal Pradesh,Tawang & West Kameng,NH-13,"Bhalukpong - Bomdila - Sela Pass (4,170m)",Eastern Himalayan Alpine,2950,48,53,44,8,57.8,217.3,99.0,9.0,81,7975,14,0.0,182,0,Rockfall,64,234,Open
REC-00828,2026-05-24 00:21:00,Mizoram,Lunglei,NH-54,Thenzawl - Lunglei Southern Lifeline,Rugged Mountain Escarpment,1391,35,56,40,6,0.0,0.0,60.1,13.6,45,7823,7,0.0,147,0,Clear,30,15,Open
REC-00829,2026-05-20 16:49:00,Manipur,Imphal West (Imphal),NH-102,Imphal - Thoubal - Moreh Trans-Asian Highway,Manipur Central Valley,725,17,81,58,3,42.6,77.6,32.2,24.2,73,3600,18,0.0,196,0,Clear,23,0,Open
REC-00830,2026-10-05 14:59:00,Mizoram,Lunglei,NH-54,Thenzawl - Lunglei Southern Lifeline,Rugged Mountain Escarpment,1103,34,57,40,6,1.0,1.6,21.8,9.3,53,3073,10,0.0,173,0,Clear,19,8,Open
REC-00831,2026-06-15 19:38:00,Manipur,Imphal West (Imphal),NH-102,Imphal - Thoubal - Moreh Trans-Asian Highway,Manipur Central Valley,817,13,70,46,3,23.2,95.7,86.2,30.9,72,1355,6,0.0,104,0,Clear,26,8,Open
REC-00832,2025-08-12 09:56:00,Mizoram,Aizawl & Kolasib,NH-306,Vairengte Gateway - Hunthar Slope - Aizawl,North-South Structural Ridge,1120,39,61,45,8,0.0,0.0,70.1,25.9,85,9740,2,0.0,112,0,Clear,40,7,Open
REC-00833,2026-07-03 12:30:00,Nagaland,Mokokchung,NH-702,Amguri - Tuli - Mokokchung Industrial Corridor,Hilly Ridge Crest,1469,28,57,43,5,120.6,372.4,83.8,21.8,76,1840,27,0.0,85,1,Severe Waterlogging,61,156,Caution
REC-00834,2025-09-05 04:20:00,Tripura,West Tripura (Agartala),NH-8,Churaibari Gate - Teliamura - Agartala Arterial,Tripura Plain / Low Hillocks,15,7,83,54,3,35.4,194.1,81.3,34.7,99,7330,6,0.0,48,0,Clear,35,11,Open
REC-00835,2026-04-26 23:39:00,Nagaland,Mokokchung,NH-702,Amguri - Tuli - Mokokchung Industrial Corridor,Hilly Ridge Crest,1295,25,56,51,5,0.3,0.7,56.0,18.8,72,6413,11,0.0,115,0,Clear,24,12,Open
REC-00836,2025-08-22 11:52:00,Arunachal Pradesh,Papum Pare (Itanagar),NH-415,Holongi - Itanagar - Naharlagun Arterial,Sub-Himalayan Foothills,309,18,67,60,5,80.0,353.2,74.3,29.3,85,5211,17,0.0,10,0,Clear,54,3,Open
REC-00837,2026-05-20 05:16:00,Mizoram,Lunglei,NH-54,Thenzawl - Lunglei Southern Lifeline,Rugged Mountain Escarpment,1135,33,61,41,6,6.1,11.7,54.3,21.5,62,6425,13,0.0,156,0,Clear,28,7,Open
REC-00838,2026-09-25 19:50:00,Mizoram,Lunglei,NH-54,Thenzawl - Lunglei Southern Lifeline,Rugged Mountain Escarpment,1204,33,64,34,6,56.9,289.1,77.7,21.8,91,1220,22,0.0,99,0,Clear,49,15,Open
REC-00839,2025-12-24 07:00:00,Mizoram,Aizawl & Kolasib,NH-306,Vairengte Gateway - Hunthar Slope - Aizawl,North-South Structural Ridge,1035,27,68,40,8,3.3,3.7,47.2,8.6,48,2654,23,0.0,78,0,Clear,26,1,Open
REC-00840,2026-04-08 06:25:00,Assam,Dima Hasao (Haflong),NH-27,Haflong Hill Section - Jatinga Valley,Rugged Mountain Range,928,41,53,40,9,40.9,91.2,52.5,23.1,83,6798,22,0.0,133,0,Clear,37,3,Open
REC-00841,2026-06-11 14:54:00,Manipur,Imphal West (Imphal),NH-102,Imphal - Thoubal - Moreh Trans-Asian Highway,Manipur Central Valley,775,18,69,43,3,61.7,269.2,83.6,23.6,92,5444,27,3.5,87,0,Clear,51,15,Open
REC-00842,2025-08-13 15:00:00,Assam,Cachar (Silchar),NH-37 / NH-6,Silchar - Badarpur - Kalain Pass,Barak Valley Floodplain,29,10,68,41,4,57.6,190.9,95.2,30.9,99,3042,17,0.0,5,0,Clear,37,10,Open
REC-00843,2026-07-05 17:28:00,Sikkim,Gangtok & Mangan,NH-10,Rangpo Border - 29th Mile Teesta Gorge - Gangtok,Teesta River Canyon Chokepoint,1498,58,46,28,10,48.5,141.4,99.0,21.7,85,5381,6,0.0,105,1,Rockfall,58,105,Caution
REC-00844,2026-02-06 19:58:00,Meghalaya,East Jaintia Hills (Sonapur),NH-6,Sonapur Tunnel - Lukha River Gorge Lifeline,Severe Mudslide Karst Chokepoint,888,48,52,25,10,0.3,0.5,49.4,12.1,57,1445,27,0.0,148,0,Clear,38,4,Open
REC-00845,2026-02-28 10:04:00,Meghalaya,East Khasi Hills (Shillong),NH-6,Umiam - Mawlai - Shillong Peak Bypass,Highland Plateau,1501,26,79,45,6,1.3,1.9,60.1,10.1,38,5451,8,0.0,230,0,Clear,29,15,Open
REC-00846,2026-06-08 14:57:00,Manipur,Imphal West (Imphal),NH-102,Imphal - Thoubal - Moreh Trans-Asian Highway,Manipur Central Valley,763,12,65,39,3,63.4,279.7,59.2,29.4,95,9242,14,0.0,81,0,Clear,46,2,Open
REC-00847,2025-09-25 22:34:00,Arunachal Pradesh,Papum Pare (Itanagar),NH-415,Holongi - Itanagar - Naharlagun Arterial,Sub-Himalayan Foothills,308,17,66,59,5,72.6,210.6,77.6,26.8,90,916,6,4.6,59,0,Clear,49,6,Open
REC-00848,2026-03-20 00:34:00,Sikkim,Pakyong (Airport Corridor),NH-717A,Rorathang - Pakyong Multi-Modal Link,Hill Slope Terraces,1412,36,63,36,7,2.1,3.2,40.9,3.6,66,8665,7,0.0,130,0,Clear,29,1,Open
REC-00849,2025-08-24 19:05:00,Mizoram,Lunglei,NH-54,Thenzawl - Lunglei Southern Lifeline,Rugged Mountain Escarpment,1021,36,56,29,6,84.6,341.2,84.4,21.5,76,7230,9,5.0,89,1,Landslide,67,414,Blocked
REC-00850,2025-10-21 14:50:00,Arunachal Pradesh,Papum Pare (Itanagar),NH-415,Holongi - Itanagar - Naharlagun Arterial,Sub-Himalayan Foothills,339,31,69,52,5,0.0,0.0,22.9,17.4,48,3342,14,0.0,44,0,Clear,15,3,Open
REC-00851,2026-03-01 21:54:00,Sikkim,Gangtok & Mangan,NH-10,Rangpo Border - 29th Mile Teesta Gorge - Gangtok,Teesta River Canyon Chokepoint,1656,52,42,15,10,0.0,0.0,36.1,5.0,70,4806,3,0.0,166,0,Clear,43,8,Open
REC-00852,2025-08-04 15:46:00,Sikkim,Gangtok & Mangan,NH-10,Rangpo Border - 29th Mile Teesta Gorge - Gangtok,Teesta River Canyon Chokepoint,1885,47,41,21,10,19.8,101.9,69.1,25.5,90,6249,13,0.0,165,0,Clear,47,14,Open
REC-00853,2025-04-03 05:36:00,Sikkim,Pakyong (Airport Corridor),NH-717A,Rorathang - Pakyong Multi-Modal Link,Hill Slope Terraces,1355,43,66,47,7,9.4,19.2,64.6,14.2,73,8954,15,0.0,140,0,Clear,34,7,Open
REC-00854,2025-08-31 00:51:00,Meghalaya,East Jaintia Hills (Sonapur),NH-6,Sonapur Tunnel - Lukha River Gorge Lifeline,Severe Mudslide Karst Chokepoint,976,47,42,18,10,10.5,30.5,58.1,24.8,79,3887,21,0.0,230,0,Clear,47,14,Open
REC-00855,2025-11-02 22:47:00,Nagaland,Kohima & Dimapur,NH-29,Dimapur Bypass - Pagla Pahar - Kohima Ridge,Active Tectonic Sinking Zone,1349,40,48,38,9,0.0,0.0,27.3,12.3,49,1462,15,0.0,166,0,Clear,32,10,Open
REC-00856,2026-07-16 02:22:00,Meghalaya,East Khasi Hills (Shillong),NH-6,Umiam - Mawlai - Shillong Peak Bypass,Highland Plateau,1488,23,82,59,6,0.0,0.0,85.6,22.7,92,3244,12,0.0,188,0,Clear,26,0,Open
REC-00857,2026-02-05 06:30:00,Assam,Dima Hasao (Haflong),NH-27,Haflong Hill Section - Jatinga Valley,Rugged Mountain Range,1035,30,57,33,9,0.0,0.0,31.6,4.4,54,2154,2,0.0,97,0,Clear,26,1,Open
REC-00858,2025-09-03 03:13:00,Meghalaya,East Jaintia Hills (Sonapur),NH-6,Sonapur Tunnel - Lukha River Gorge Lifeline,Severe Mudslide Karst Chokepoint,871,48,48,28,10,114.6,604.2,98.8,25.0,95,2686,3,0.0,58,0,Rockfall,80,68,Open
REC-00859,2025-08-18 23:21:00,Sikkim,Pakyong (Airport Corridor),NH-717A,Rorathang - Pakyong Multi-Modal Link,Hill Slope Terraces,1415,33,65,44,7,85.7,384.4,97.1,19.9,81,1406,4,0.0,140,0,Severe Waterlogging,64,122,Open
REC-00860,2025-09-01 09:11:00,Meghalaya,East Khasi Hills (Shillong),NH-6,Umiam - Mawlai - Shillong Peak Bypass,Highland Plateau,1368,34,72,46,6,94.7,461.1,86.8,24.9,83,943,7,0.0,95,0,Severe Waterlogging,69,138,Open
REC-00861,2026-04-25 02:51:00,Nagaland,Kohima & Dimapur,NH-29,Dimapur Bypass - Pagla Pahar - Kohima Ridge,Active Tectonic Sinking Zone,1481,45,49,28,9,30.0,85.2,44.8,15.3,54,8935,11,0.0,127,0,Clear,43,6,Open
REC-00862,2026-04-03 17:20:00,Sikkim,Gangtok & Mangan,NH-10,Rangpo Border - 29th Mile Teesta Gorge - Gangtok,Teesta River Canyon Chokepoint,1836,49,50,15,10,1.0,2.9,56.3,15.1,87,3358,37,0.0,149,0,Clear,40,15,Open
REC-00863,2025-06-01 05:38:00,Manipur,Noney & Tamenglong,NH-37,Noney Tupul - Makru Bridge Mountain Link,Steep Hillside Chokepoint,1051,44,53,37,9,92.7,404.0,67.0,23.0,92,2929,9,0.0,102,0,Rockfall,66,100,Open
REC-00864,2025-11-14 22:45:00,Assam,Kamrup Metropolitan (Guwahati),NH-27,Guwahati - Saraighat - Rangia Corridor,Valley River Basin,48,14,86,62,2,0.0,0.0,36.7,20.8,55,8196,11,0.0,160,0,Clear,14,11,Open
REC-00865,2026-01-17 13:53:00,Nagaland,Kohima & Dimapur,NH-29,Dimapur Bypass - Pagla Pahar - Kohima Ridge,Active Tectonic Sinking Zone,1443,44,51,40,9,0.9,1.3,49.9,11.1,69,9224,20,0.0,148,0,Clear,32,7,Open
REC-00866,2026-07-05 12:17:00,Meghalaya,East Khasi Hills (Shillong),NH-6,Umiam - Mawlai - Shillong Peak Bypass,Highland Plateau,1509,24,73,57,6,66.6,198.8,77.7,21.7,78,6800,9,4.6,130,0,Clear,52,1,Open
REC-00867,2026-07-08 03:15:00,Sikkim,Gangtok & Mangan,NH-10,Rangpo Border - 29th Mile Teesta Gorge - Gangtok,Teesta River Canyon Chokepoint,1887,48,50,24,10,71.8,191.1,79.9,18.2,81,5314,34,0.0,138,0,Rockfall,62,171,Open
REC-00868,2026-03-24 17:55:00,Arunachal Pradesh,Tawang & West Kameng,NH-13,"Bhalukpong - Bomdila - Sela Pass (4,170m)",Eastern Himalayan Alpine,3046,45,55,31,8,0.0,0.0,25.5,-1.6,60,4059,14,0.0,154,0,Clear,29,14,Open
REC-00869,2026-06-22 12:27:00,Manipur,Noney & Tamenglong,NH-37,Noney Tupul - Makru Bridge Mountain Link,Steep Hillside Chokepoint,957,40,57,40,9,73.1,311.1,78.4,23.1,73,1325,19,0.0,136,0,Rockfall,60,89,Open
REC-00870,2026-07-02 18:31:00,Assam,Cachar (Silchar),NH-37 / NH-6,Silchar - Badarpur - Kalain Pass,Barak Valley Floodplain,39,12,65,35,4,57.8,260.1,87.4,29.1,92,9844,8,4.6,125,0,Clear,48,0,Open
REC-00871,2025-12-12 21:45:00,Mizoram,Lunglei,NH-54,Thenzawl - Lunglei Southern Lifeline,Rugged Mountain Escarpment,1251,30,58,40,6,5.1,5.3,25.9,12.1,45,7271,2,0.0,51,0,Clear,25,14,Open
REC-00872,2025-08-02 13:24:00,Sikkim,Pakyong (Airport Corridor),NH-717A,Rorathang - Pakyong Multi-Modal Link,Hill Slope Terraces,1202,37,57,44,7,5.2,14.6,72.0,26.5,99,1604,3,0.0,127,0,Clear,32,9,Open
REC-00873,2026-07-01 00:04:00,Meghalaya,East Khasi Hills (Shillong),NH-6,Umiam - Mawlai - Shillong Peak Bypass,Highland Plateau,1195,37,79,44,6,77.0,356.9,87.1,23.9,85,8455,12,3.8,215,1,Rockfall,68,229,Caution
REC-00874,2025-12-22 03:54:00,Assam,Kamrup Metropolitan (Guwahati),NH-27,Guwahati - Saraighat - Rangia Corridor,Valley River Basin,55,14,80,63,2,0.0,0.0,51.8,17.7,47,8149,3,0.0,140,0,Clear,16,9,Open
REC-00875,2025-06-12 17:59:00,Assam,Kamrup Metropolitan (Guwahati),NH-27,Guwahati - Saraighat - Rangia Corridor,Valley River Basin,56,15,84,59,2,36.9,151.5,86.6,29.9,90,9351,2,0.0,108,0,Clear,32,5,Open
REC-00876,2025-04-27 08:34:00,Assam,Cachar (Silchar),NH-37 / NH-6,Silchar - Badarpur - Kalain Pass,Barak Valley Floodplain,39,16,62,49,4,26.5,49.4,43.2,27.1,74,2194,7,0.0,36,0,Clear,18,15,Open
REC-00877,2025-09-17 19:42:00,Manipur,Noney & Tamenglong,NH-37,Noney Tupul - Makru Bridge Mountain Link,Steep Hillside Chokepoint,902,47,46,29,9,0.0,0.0,92.0,24.8,86,8617,12,3.5,103,0,Clear,49,13,Open
REC-00878,2026-03-30 13:02:00,Meghalaya,East Khasi Hills (Shillong),NH-6,Umiam - Mawlai - Shillong Peak Bypass,Highland Plateau,1666,28,82,59,6,0.0,0.0,17.9,3.1,55,9863,7,0.0,100,0,Clear,14,12,Open
REC-00879,2026-01-25 20:02:00,Arunachal Pradesh,Tawang & West Kameng,NH-13,"Bhalukpong - Bomdila - Sela Pass (4,170m)",Eastern Himalayan Alpine,2858,41,57,37,8,0.0,0.0,25.4,-2.1,52,107,21,0.0,94,1,Minor Slump & Slippage,27,54,Caution
REC-00880,2025-09-11 11:37:00,Meghalaya,East Jaintia Hills (Sonapur),NH-6,Sonapur Tunnel - Lukha River Gorge Lifeline,Severe Mudslide Karst Chokepoint,854,47,45,29,10,73.9,353.3,86.7,23.2,80,4437,13,0.0,44,1,Rockfall,69,126,Caution
REC-00881,2026-08-05 04:48:00,Nagaland,Mokokchung,NH-702,Amguri - Tuli - Mokokchung Industrial Corridor,Hilly Ridge Crest,1352,29,68,42,5,4.8,13.0,79.7,23.7,99,2650,2,0.0,67,0,Clear,25,6,Open
REC-00882,2025-07-20 07:13:00,Sikkim,Gangtok & Mangan,NH-10,Rangpo Border - 29th Mile Teesta Gorge - Gangtok,Teesta River Canyon Chokepoint,1688,52,50,28,10,16.6,65.2,81.8,22.9,88,9172,10,0.0,64,0,Clear,49,8,Open
REC-00883,2026-08-21 04:16:00,Mizoram,Aizawl & Kolasib,NH-306,Vairengte Gateway - Hunthar Slope - Aizawl,North-South Structural Ridge,1143,35,61,27,8,79.4,274.2,85.2,25.2,93,7622,11,0.0,132,0,Severe Waterlogging,58,111,Open
REC-00884,2026-10-12 17:58:00,Assam,Cachar (Silchar),NH-37 / NH-6,Silchar - Badarpur - Kalain Pass,Barak Valley Floodplain,35,13,72,45,4,0.0,0.0,17.8,18.4,40,5237,2,0.0,180,0,Clear,13,12,Open
REC-00885,2026-10-12 13:39:00,Manipur,Noney & Tamenglong,NH-37,Noney Tupul - Makru Bridge Mountain Link,Steep Hillside Chokepoint,918,36,59,25,9,0.0,0.0,44.2,10.1,71,9803,2,0.0,170,0,Clear,33,8,Open
REC-00886,2025-05-21 03:07:00,Mizoram,Lunglei,NH-54,Thenzawl - Lunglei Southern Lifeline,Rugged Mountain Escarpment,1361,36,52,42,6,37.3,99.2,56.1,14.8,54,7050,15,0.0,148,0,Clear,40,1,Open
REC-00887,2026-10-03 17:51:00,Manipur,Imphal West (Imphal),NH-102,Imphal - Thoubal - Moreh Trans-Asian Highway,Manipur Central Valley,768,12,64,50,3,0.0,0.0,35.2,11.1,87,1714,10,0.0,133,0,Clear,11,4,Open
REC-00888,2026-09-26 18:16:00,Mizoram,Aizawl & Kolasib,NH-306,Vairengte Gateway - Hunthar Slope - Aizawl,North-South Structural Ridge,1260,37,64,35,8,81.2,294.7,89.5,19.8,76,9921,7,0.0,78,1,Rockfall,64,140,Caution
REC-00889,2026-04-08 15:48:00,Sikkim,Gangtok & Mangan,NH-10,Rangpo Border - 29th Mile Teesta Gorge - Gangtok,Teesta River Canyon Chokepoint,1339,53,54,18,10,64.4,155.9,56.5,18.0,71,3950,2,0.0,124,1,Rockfall,60,163,Caution
REC-00890,2025-08-12 20:11:00,Nagaland,Mokokchung,NH-702,Amguri - Tuli - Mokokchung Industrial Corridor,Hilly Ridge Crest,1419,25,60,49,5,70.2,236.4,73.0,21.4,96,1679,32,0.0,127,0,Clear,48,14,Open
REC-00891,2026-08-03 22:42:00,Sikkim,Gangtok & Mangan,NH-10,Rangpo Border - 29th Mile Teesta Gorge - Gangtok,Teesta River Canyon Chokepoint,1550,47,49,14,10,88.2,345.9,68.2,23.2,95,2437,17,0.0,219,1,Rockfall,65,223,Caution
REC-00892,2025-06-01 00:48:00,Nagaland,Mokokchung,NH-702,Amguri - Tuli - Mokokchung Industrial Corridor,Hilly Ridge Crest,1165,23,55,38,5,111.1,313.9,75.0,24.8,68,9955,25,0.0,207,0,Clear,52,0,Open
REC-00893,2026-07-01 04:45:00,Manipur,Noney & Tamenglong,NH-37,Noney Tupul - Makru Bridge Mountain Link,Steep Hillside Chokepoint,991,40,53,38,9,92.2,343.5,81.5,24.9,92,1676,2,0.0,119,1,Rockfall,64,238,Caution
REC-00894,2026-09-28 01:29:00,Nagaland,Mokokchung,NH-702,Amguri - Tuli - Mokokchung Industrial Corridor,Hilly Ridge Crest,1386,24,65,46,5,0.0,0.0,73.0,22.8,83,2821,8,0.0,38,0,Clear,28,8,Open
REC-00895,2025-05-03 21:27:00,Assam,Cachar (Silchar),NH-37 / NH-6,Silchar - Badarpur - Kalain Pass,Barak Valley Floodplain,30,13,66,44,4,0.0,0.0,53.0,29.1,63,2056,2,0.0,152,0,Clear,15,15,Open
REC-00896,2026-07-06 14:57:00,Assam,Dima Hasao (Haflong),NH-27,Haflong Hill Section - Jatinga Valley,Rugged Mountain Range,1065,37,46,31,9,76.3,246.3,65.2,22.2,84,1303,19,0.0,225,0,Rockfall,59,198,Open
REC-00897,2025-06-08 19:50:00,Assam,Cachar (Silchar),NH-37 / NH-6,Silchar - Badarpur - Kalain Pass,Barak Valley Floodplain,33,16,66,42,4,39.8,145.7,82.1,35.1,90,4560,16,0.0,11,0,Clear,42,10,Open
REC-00898,2026-02-07 00:02:00,Manipur,Imphal West (Imphal),NH-102,Imphal - Thoubal - Moreh Trans-Asian Highway,Manipur Central Valley,686,13,72,52,3,0.0,0.0,38.9,11.3,35,5495,19,0.0,177,0,Clear,14,8,Open
REC-00899,2025-12-24 08:27:00,Nagaland,Kohima & Dimapur,NH-29,Dimapur Bypass - Pagla Pahar - Kohima Ridge,Active Tectonic Sinking Zone,1285,40,50,23,9,2.5,4.5,46.1,5.5,42,204,18,0.0,123,1,Minor Slump & Slippage,31,39,Caution
REC-00900,2026-08-28 16:42:00,Sikkim,Pakyong (Airport Corridor),NH-717A,Rorathang - Pakyong Multi-Modal Link,Hill Slope Terraces,1251,39,78,34,7,63.1,230.8,94.4,23.6,80,3339,24,0.0,52,1,Rockfall,50,86,Caution
REC-00901,2026-07-05 21:08:00,Manipur,Noney & Tamenglong,NH-37,Noney Tupul - Makru Bridge Mountain Link,Steep Hillside Chokepoint,1128,33,46,32,9,73.2,238.7,84.0,18.4,99,4939,8,0.0,147,1,Severe Waterlogging,56,178,Caution
REC-00902,2025-11-30 18:50:00,Manipur,Imphal West (Imphal),NH-102,Imphal - Thoubal - Moreh Trans-Asian Highway,Manipur Central Valley,695,18,57,49,3,12.4,24.6,28.7,16.5,43,3624,10,0.0,100,0,Clear,15,5,Open
REC-00903,2025-08-03 01:52:00,Meghalaya,East Jaintia Hills (Sonapur),NH-6,Sonapur Tunnel - Lukha River Gorge Lifeline,Severe Mudslide Karst Chokepoint,890,43,39,19,10,86.4,261.5,86.3,25.8,90,7016,27,0.0,206,1,Rockfall,60,158,Caution
REC-00904,2025-04-12 17:05:00,Meghalaya,East Khasi Hills (Shillong),NH-6,Umiam - Mawlai - Shillong Peak Bypass,Highland Plateau,1561,32,80,44,6,8.9,26.2,65.5,15.0,82,5540,2,0.0,69,0,Clear,32,1,Open
REC-00905,2026-01-08 13:50:00,Tripura,West Tripura (Agartala),NH-8,Churaibari Gate - Teliamura - Agartala Arterial,Tripura Plain / Low Hillocks,15,17,78,59,3,0.0,0.0,30.9,13.9,48,1371,6,4.6,186,0,Clear,15,0,Open
REC-00906,2026-01-11 10:47:00,Nagaland,Kohima & Dimapur,NH-29,Dimapur Bypass - Pagla Pahar - Kohima Ridge,Active Tectonic Sinking Zone,1397,36,57,34,9,0.0,0.0,36.8,12.6,56,2307,11,5.1,74,1,Landslide,34,540,Blocked
REC-00907,2026-01-14 00:51:00,Manipur,Imphal West (Imphal),NH-102,Imphal - Thoubal - Moreh Trans-Asian Highway,Manipur Central Valley,829,12,65,48,3,0.0,0.0,20.1,12.1,68,1046,12,0.0,83,0,Clear,13,4,Open
REC-00908,2026-09-30 23:36:00,Nagaland,Mokokchung,NH-702,Amguri - Tuli - Mokokchung Industrial Corridor,Hilly Ridge Crest,1329,28,60,40,5,22.9,83.9,78.0,26.0,86,9900,2,0.0,109,0,Clear,32,2,Open
REC-00909,2025-05-02 11:51:00,Nagaland,Kohima & Dimapur,NH-29,Dimapur Bypass - Pagla Pahar - Kohima Ridge,Active Tectonic Sinking Zone,1556,42,58,31,9,0.0,0.0,67.0,13.1,83,4678,22,0.0,150,0,Clear,32,11,Open
REC-00910,2026-09-17 18:35:00,Sikkim,Pakyong (Airport Corridor),NH-717A,Rorathang - Pakyong Multi-Modal Link,Hill Slope Terraces,1330,44,69,36,7,79.1,201.2,76.4,23.6,98,6838,31,0.0,62,1,Rockfall,58,134,Caution
REC-00911,2025-08-20 15:18:00,Assam,Dima Hasao (Haflong),NH-27,Haflong Hill Section - Jatinga Valley,Rugged Mountain Range,827,36,52,28,9,61.0,223.0,83.6,25.8,90,2305,10,0.0,5,0,Rockfall,56,182,Open
REC-00912,2026-09-07 18:04:00,Mizoram,Lunglei,NH-54,Thenzawl - Lunglei Southern Lifeline,Rugged Mountain Escarpment,1182,33,64,35,6,0.0,0.0,87.7,22.4,93,2960,22,0.0,166,0,Clear,36,4,Open
REC-00913,2025-08-23 04:54:00,Assam,Kamrup Metropolitan (Guwahati),NH-27,Guwahati - Saraighat - Rangia Corridor,Valley River Basin,45,3,87,61,2,78.5,401.1,81.9,35.1,88,4397,17,0.0,169,0,Clear,43,6,Open
REC-00914,2026-01-11 15:11:00,Meghalaya,East Jaintia Hills (Sonapur),NH-6,Sonapur Tunnel - Lukha River Gorge Lifeline,Severe Mudslide Karst Chokepoint,933,45,45,17,10,0.0,0.0,19.0,14.6,38,9265,17,0.0,84,0,Clear,33,13,Open
REC-00915,2026-05-04 17:59:00,Assam,Dima Hasao (Haflong),NH-27,Haflong Hill Section - Jatinga Valley,Rugged Mountain Range,1014,43,48,27,9,64.1,115.9,49.2,18.2,91,1766,22,0.0,162,1,Rockfall,50,82,Caution
REC-00916,2025-10-08 13:05:00,Mizoram,Lunglei,NH-54,Thenzawl - Lunglei Southern Lifeline,Rugged Mountain Escarpment,1401,36,58,41,6,0.0,0.0,31.8,6.8,36,3030,14,3.7,134,0,Clear,34,2,Open
REC-00917,2026-03-02 22:18:00,Mizoram,Aizawl & Kolasib,NH-306,Vairengte Gateway - Hunthar Slope - Aizawl,North-South Structural Ridge,1119,33,60,35,8,3.5,6.3,32.9,10.1,42,7552,7,0.0,186,0,Clear,28,4,Open
REC-00918,2025-10-25 09:51:00,Tripura,West Tripura (Agartala),NH-8,Churaibari Gate - Teliamura - Agartala Arterial,Tripura Plain / Low Hillocks,15,13,81,60,3,0.0,0.0,31.3,18.4,57,3318,7,0.0,181,0,Clear,10,11,Open
REC-00919,2025-12-19 16:48:00,Sikkim,Pakyong (Airport Corridor),NH-717A,Rorathang - Pakyong Multi-Modal Link,Hill Slope Terraces,1305,30,63,37,7,0.0,0.0,36.7,9.0,59,179,2,0.0,159,0,Clear,24,0,Open
REC-00920,2026-10-13 09:11:00,Arunachal Pradesh,Papum Pare (Itanagar),NH-415,Holongi - Itanagar - Naharlagun Arterial,Sub-Himalayan Foothills,298,18,73,63,5,0.0,0.0,27.5,12.5,73,7450,22,0.0,81,0,Clear,21,12,Open
REC-00921,2026-07-04 19:21:00,Nagaland,Kohima & Dimapur,NH-29,Dimapur Bypass - Pagla Pahar - Kohima Ridge,Active Tectonic Sinking Zone,1464,42,58,29,9,33.9,120.6,75.4,24.0,94,9661,4,0.0,163,0,Clear,48,9,Open
REC-00922,2025-07-14 07:06:00,Assam,Kamrup Metropolitan (Guwahati),NH-27,Guwahati - Saraighat - Rangia Corridor,Valley River Basin,54,3,80,64,2,210.3,817.7,71.7,29.4,80,3131,10,0.0,164,0,Clear,54,0,Open
REC-00923,2026-04-15 07:20:00,Nagaland,Mokokchung,NH-702,Amguri - Tuli - Mokokchung Industrial Corridor,Hilly Ridge Crest,1382,29,65,42,5,10.5,30.9,81.2,18.1,64,3015,14,0.0,205,0,Clear,30,1,Open
REC-00924,2025-09-09 13:48:00,Assam,Kamrup Metropolitan (Guwahati),NH-27,Guwahati - Saraighat - Rangia Corridor,Valley River Basin,56,7,89,64,2,103.6,283.5,61.3,30.1,92,6485,25,0.0,101,0,Clear,41,9,Open
REC-00925,2026-08-18 03:48:00,Assam,Cachar (Silchar),NH-37 / NH-6,Silchar - Badarpur - Kalain Pass,Barak Valley Floodplain,34,11,68,41,4,57.3,219.4,83.9,29.3,91,6799,24,0.0,196,0,Clear,39,12,Open
REC-00926,2025-11-08 09:49:00,Mizoram,Aizawl & Kolasib,NH-306,Vairengte Gateway - Hunthar Slope - Aizawl,North-South Structural Ridge,1123,38,65,29,8,0.0,0.0,39.0,12.4,51,1547,15,0.0,87,0,Clear,30,3,Open
REC-00927,2026-03-11 19:39:00,Manipur,Imphal West (Imphal),NH-102,Imphal - Thoubal - Moreh Trans-Asian Highway,Manipur Central Valley,788,17,56,51,3,0.0,0.0,24.3,11.6,70,6720,12,0.0,180,0,Clear,15,0,Open
REC-00928,2026-05-13 18:27:00,Assam,Kamrup Metropolitan (Guwahati),NH-27,Guwahati - Saraighat - Rangia Corridor,Valley River Basin,56,5,89,72,2,76.2,195.6,48.5,26.4,82,4758,23,0.0,118,0,Clear,32,9,Open
REC-00929,2026-04-19 07:01:00,Mizoram,Aizawl & Kolasib,NH-306,Vairengte Gateway - Hunthar Slope - Aizawl,North-South Structural Ridge,1162,34,57,39,8,41.1,74.1,45.4,17.6,72,6500,18,0.0,157,0,Clear,40,12,Open
REC-00930,2026-01-18 03:29:00,Arunachal Pradesh,Tawang & West Kameng,NH-13,"Bhalukpong - Bomdila - Sela Pass (4,170m)",Eastern Himalayan Alpine,3406,42,62,40,8,0.0,0.0,41.0,-1.5,57,64,25,4.6,136,1,Landslide,37,526,Blocked
REC-00931,2026-03-31 07:00:00,Assam,Cachar (Silchar),NH-37 / NH-6,Silchar - Badarpur - Kalain Pass,Barak Valley Floodplain,34,12,71,47,4,0.0,0.0,25.3,18.7,50,7091,11,0.0,126,0,Clear,12,10,Open
REC-00932,2026-03-09 18:35:00,Sikkim,Pakyong (Airport Corridor),NH-717A,Rorathang - Pakyong Multi-Modal Link,Hill Slope Terraces,1375,37,65,43,7,0.0,0.0,29.3,8.7,68,5906,2,0.0,262,0,Clear,31,5,Open
REC-00933,2025-08-23 14:23:00,Assam,Kamrup Metropolitan (Guwahati),NH-27,Guwahati - Saraighat - Rangia Corridor,Valley River Basin,54,7,90,66,2,47.5,155.2,87.1,30.4,99,8089,24,0.0,191,0,Clear,33,5,Open
REC-00934,2025-09-23 02:22:00,Meghalaya,East Khasi Hills (Shillong),NH-6,Umiam - Mawlai - Shillong Peak Bypass,Highland Plateau,1398,29,76,44,6,66.1,345.1,76.9,25.3,87,2347,14,0.0,130,1,Minor Slump & Slippage,56,35,Caution
REC-00935,2026-07-19 22:30:00,Mizoram,Lunglei,NH-54,Thenzawl - Lunglei Southern Lifeline,Rugged Mountain Escarpment,1205,34,56,43,6,99.2,361.6,95.3,19.9,75,4672,2,0.0,133,0,Severe Waterlogging,69,167,Open
REC-00936,2026-09-04 08:21:00,Arunachal Pradesh,Tawang & West Kameng,NH-13,"Bhalukpong - Bomdila - Sela Pass (4,170m)",Eastern Himalayan Alpine,3289,47,65,44,8,56.9,306.4,80.8,12.7,90,3462,25,3.0,131,1,Rockfall,69,94,Caution
REC-00937,2025-05-31 08:05:00,Meghalaya,East Jaintia Hills (Sonapur),NH-6,Sonapur Tunnel - Lukha River Gorge Lifeline,Severe Mudslide Karst Chokepoint,926,47,41,18,10,20.0,43.8,77.1,16.9,73,2597,33,0.0,185,0,Clear,45,0,Open
REC-00938,2025-05-07 20:13:00,Meghalaya,East Jaintia Hills (Sonapur),NH-6,Sonapur Tunnel - Lukha River Gorge Lifeline,Severe Mudslide Karst Chokepoint,972,54,45,32,10,0.0,0.0,56.0,21.5,90,6684,20,0.0,205,0,Clear,45,1,Open
REC-00939,2026-08-29 02:26:00,Meghalaya,East Jaintia Hills (Sonapur),NH-6,Sonapur Tunnel - Lukha River Gorge Lifeline,Severe Mudslide Karst Chokepoint,991,49,48,19,10,57.9,188.8,84.7,23.5,91,4581,21,0.0,94,1,Rockfall,58,235,Caution
REC-00940,2025-09-13 19:05:00,Assam,Kamrup Metropolitan (Guwahati),NH-27,Guwahati - Saraighat - Rangia Corridor,Valley River Basin,54,3,83,64,2,44.4,166.4,93.3,29.2,79,3407,21,0.0,160,0,Clear,31,7,Open
REC-00941,2025-06-08 19:24:00,Manipur,Noney & Tamenglong,NH-37,Noney Tupul - Makru Bridge Mountain Link,Steep Hillside Chokepoint,843,41,41,35,9,45.0,123.5,85.6,26.7,99,1715,7,0.0,176,0,Clear,54,1,Open
REC-00942,2025-11-26 22:25:00,Nagaland,Mokokchung,NH-702,Amguri - Tuli - Mokokchung Industrial Corridor,Hilly Ridge Crest,1316,25,64,45,5,0.0,0.0,28.9,11.1,43,235,15,5.3,70,1,Minor Slump & Slippage,27,66,Caution
REC-00943,2026-03-19 00:19:00,Sikkim,Gangtok & Mangan,NH-10,Rangpo Border - 29th Mile Teesta Gorge - Gangtok,Teesta River Canyon Chokepoint,1669,51,40,21,10,0.0,0.0,51.1,8.3,48,2724,31,0.0,203,0,Clear,43,10,Open
REC-00944,2025-09-02 03:43:00,Manipur,Noney & Tamenglong,NH-37,Noney Tupul - Makru Bridge Mountain Link,Steep Hillside Chokepoint,1103,43,50,28,9,29.3,118.5,61.2,28.0,86,2407,10,0.0,150,0,Clear,48,2,Open
REC-00945,2025-12-26 07:12:00,Nagaland,Mokokchung,NH-702,Amguri - Tuli - Mokokchung Industrial Corridor,Hilly Ridge Crest,1408,27,73,51,5,0.0,0.0,47.1,2.7,42,1743,18,0.0,123,0,Clear,20,1,Open
REC-00946,2025-06-19 02:45:00,Manipur,Imphal West (Imphal),NH-102,Imphal - Thoubal - Moreh Trans-Asian Highway,Manipur Central Valley,819,13,62,47,3,109.2,446.3,65.2,24.3,81,8449,15,0.0,61,0,Clear,53,8,Open
REC-00947,2025-10-22 11:15:00,Mizoram,Lunglei,NH-54,Thenzawl - Lunglei Southern Lifeline,Rugged Mountain Escarpment,1217,29,56,44,6,0.0,0.0,25.3,12.7,64,9037,3,0.0,193,0,Clear,23,0,Open
REC-00948,2026-03-07 19:58:00,Assam,Kamrup Metropolitan (Guwahati),NH-27,Guwahati - Saraighat - Rangia Corridor,Valley River Basin,52,6,90,69,2,0.0,0.0,42.4,18.5,58,6881,6,0.0,92,0,Clear,11,8,Open
REC-00949,2025-12-02 11:49:00,Meghalaya,East Jaintia Hills (Sonapur),NH-6,Sonapur Tunnel - Lukha River Gorge Lifeline,Severe Mudslide Karst Chokepoint,959,50,37,34,10,0.0,0.0,46.0,10.9,53,5138,7,0.0,55,0,Clear,39,10,Open
REC-00950,2025-11-05 22:51:00,Mizoram,Aizawl & Kolasib,NH-306,Vairengte Gateway - Hunthar Slope - Aizawl,North-South Structural Ridge,1067,41,60,31,8,2.8,3.4,27.3,10.1,56,1096,25,0.0,136,0,Clear,28,3,Open
REC-00951,2026-04-13 23:35:00,Assam,Dima Hasao (Haflong),NH-27,Haflong Hill Section - Jatinga Valley,Rugged Mountain Range,938,40,54,30,9,36.9,89.5,76.5,21.4,64,3687,3,0.0,209,0,Clear,52,15,Open
REC-00952,2025-07-25 15:12:00,Assam,Cachar (Silchar),NH-37 / NH-6,Silchar - Badarpur - Kalain Pass,Barak Valley Floodplain,34,4,65,40,4,48.2,214.2,77.3,31.0,88,3218,15,0.0,184,0,Clear,33,14,Open
REC-00953,2025-07-24 08:58:00,Assam,Kamrup Metropolitan (Guwahati),NH-27,Guwahati - Saraighat - Rangia Corridor,Valley River Basin,52,5,81,70,2,91.0,244.4,92.6,33.2,71,9598,21,5.2,61,0,Clear,50,0,Open
REC-00954,2026-08-09 21:11:00,Meghalaya,East Jaintia Hills (Sonapur),NH-6,Sonapur Tunnel - Lukha River Gorge Lifeline,Severe Mudslide Karst Chokepoint,921,49,41,25,10,62.9,192.4,78.3,28.5,72,5733,15,0.0,197,1,Rockfall,55,186,Caution
REC-00955,2025-05-06 06:07:00,Arunachal Pradesh,Tawang & West Kameng,NH-13,"Bhalukpong - Bomdila - Sela Pass (4,170m)",Eastern Himalayan Alpine,3286,50,58,35,8,52.1,108.2,50.0,6.4,64,3855,25,0.0,73,0,Clear,50,11,Open
REC-00956,2025-11-05 07:09:00,Nagaland,Kohima & Dimapur,NH-29,Dimapur Bypass - Pagla Pahar - Kohima Ridge,Active Tectonic Sinking Zone,1495,44,52,24,9,3.4,6.0,20.5,8.2,61,8560,13,0.0,169,0,Clear,34,4,Open
REC-00957,2026-06-08 13:05:00,Manipur,Imphal West (Imphal),NH-102,Imphal - Thoubal - Moreh Trans-Asian Highway,Manipur Central Valley,796,15,58,50,3,0.0,0.0,80.8,26.7,90,3870,6,0.0,165,0,Clear,23,1,Open
REC-00958,2025-04-15 15:07:00,Meghalaya,East Khasi Hills (Shillong),NH-6,Umiam - Mawlai - Shillong Peak Bypass,Highland Plateau,1851,28,79,51,6,10.4,21.0,77.5,15.1,82,9978,34,0.0,130,0,Clear,27,13,Open
REC-00959,2026-09-29 08:49:00,Manipur,Noney & Tamenglong,NH-37,Noney Tupul - Makru Bridge Mountain Link,Steep Hillside Chokepoint,1023,52,50,32,9,40.4,154.6,85.8,24.5,87,3302,16,0.0,147,0,Clear,54,4,Open
REC-00960,2025-09-05 22:52:00,Nagaland,Kohima & Dimapur,NH-29,Dimapur Bypass - Pagla Pahar - Kohima Ridge,Active Tectonic Sinking Zone,1570,49,52,23,9,43.5,195.5,74.2,19.8,73,6330,18,0.0,48,1,Rockfall,61,182,Caution
REC-00961,2025-06-08 20:07:00,Manipur,Imphal West (Imphal),NH-102,Imphal - Thoubal - Moreh Trans-Asian Highway,Manipur Central Valley,787,14,72,54,3,29.9,136.1,80.4,29.8,84,5965,15,0.0,196,0,Clear,35,2,Open
REC-00962,2026-04-30 05:25:00,Manipur,Imphal West (Imphal),NH-102,Imphal - Thoubal - Moreh Trans-Asian Highway,Manipur Central Valley,720,17,65,48,3,67.1,182.9,47.7,20.6,71,7126,2,4.6,124,0,Clear,47,5,Open
REC-00963,2026-04-13 02:27:00,Assam,Dima Hasao (Haflong),NH-27,Haflong Hill Section - Jatinga Valley,Rugged Mountain Range,845,36,52,30,9,44.5,84.9,58.3,22.3,73,2296,7,0.0,93,0,Clear,38,1,Open
REC-00964,2025-04-01 04:01:00,Tripura,West Tripura (Agartala),NH-8,Churaibari Gate - Teliamura - Agartala Arterial,Tripura Plain / Low Hillocks,16,10,78,61,3,26.0,56.0,51.9,25.2,74,2271,11,0.0,156,0,Clear,26,12,Open
REC-00965,2026-09-27 18:41:00,Sikkim,Pakyong (Airport Corridor),NH-717A,Rorathang - Pakyong Multi-Modal Link,Hill Slope Terraces,1356,27,70,44,7,53.3,285.9,82.8,25.5,84,4590,23,0.0,159,0,Clear,50,10,Open
REC-00966,2026-10-10 13:22:00,Tripura,West Tripura (Agartala),NH-8,Churaibari Gate - Teliamura - Agartala Arterial,Tripura Plain / Low Hillocks,15,15,80,58,3,3.4,4.1,32.9,16.0,44,4126,16,0.0,137,0,Clear,19,10,Open
REC-00967,2025-11-25 03:09:00,Arunachal Pradesh,Tawang & West Kameng,NH-13,"Bhalukpong - Bomdila - Sela Pass (4,170m)",Eastern Himalayan Alpine,2695,41,68,48,8,0.4,0.4,30.7,0.7,66,8272,16,2.6,73,0,Clear,31,13,Open
REC-00968,2026-05-16 09:36:00,Tripura,West Tripura (Agartala),NH-8,Churaibari Gate - Teliamura - Agartala Arterial,Tripura Plain / Low Hillocks,16,8,82,62,3,29.8,72.3,47.7,27.5,75,7789,30,0.0,235,0,Clear,22,11,Open
REC-00969,2025-11-12 15:12:00,Mizoram,Lunglei,NH-54,Thenzawl - Lunglei Southern Lifeline,Rugged Mountain Escarpment,1324,33,62,45,6,4.5,8.9,22.3,12.1,48,3050,21,0.0,81,0,Clear,25,14,Open
REC-00970,2025-10-01 11:22:00,Assam,Kamrup Metropolitan (Guwahati),NH-27,Guwahati - Saraighat - Rangia Corridor,Valley River Basin,55,9,79,62,2,2.5,3.7,30.2,16.8,43,9393,20,0.0,47,0,Clear,13,9,Open
REC-00971,2026-06-20 07:19:00,Sikkim,Gangtok & Mangan,NH-10,Rangpo Border - 29th Mile Teesta Gorge - Gangtok,Teesta River Canyon Chokepoint,1610,51,45,13,10,139.2,713.3,79.1,25.4,94,1995,15,0.0,70,1,Mudflow,81,564,Blocked
REC-00972,2026-07-06 09:14:00,Manipur,Noney & Tamenglong,NH-37,Noney Tupul - Makru Bridge Mountain Link,Steep Hillside Chokepoint,1111,42,44,31,9,126.5,534.4,80.7,26.8,96,3607,3,0.0,171,1,Mudflow,77,788,Blocked
REC-00973,2026-09-28 20:49:00,Arunachal Pradesh,Papum Pare (Itanagar),NH-415,Holongi - Itanagar - Naharlagun Arterial,Sub-Himalayan Foothills,328,37,70,53,5,109.0,577.8,73.1,28.1,91,8099,22,0.0,186,1,Rockfall,61,109,Caution
REC-00974,2026-05-28 11:21:00,Mizoram,Aizawl & Kolasib,NH-306,Vairengte Gateway - Hunthar Slope - Aizawl,North-South Structural Ridge,1179,38,59,39,8,72.4,178.2,34.5,20.3,59,7891,15,0.0,103,0,Rockfall,45,67,Open
REC-00975,2026-03-31 03:08:00,Meghalaya,East Jaintia Hills (Sonapur),NH-6,Sonapur Tunnel - Lukha River Gorge Lifeline,Severe Mudslide Karst Chokepoint,837,50,51,18,10,0.0,0.0,40.9,11.9,46,6219,6,0.0,40,0,Clear,35,13,Open
REC-00976,2025-11-10 02:16:00,Assam,Dima Hasao (Haflong),NH-27,Haflong Hill Section - Jatinga Valley,Rugged Mountain Range,916,39,58,32,9,0.0,0.0,40.8,17.3,72,9823,22,0.0,157,0,Clear,36,5,Open
REC-00977,2025-05-05 07:12:00,Meghalaya,East Jaintia Hills (Sonapur),NH-6,Sonapur Tunnel - Lukha River Gorge Lifeline,Severe Mudslide Karst Chokepoint,922,46,50,17,10,17.3,37.6,71.6,23.5,73,7610,2,0.0,117,0,Clear,44,10,Open
REC-00978,2026-01-13 12:48:00,Meghalaya,East Jaintia Hills (Sonapur),NH-6,Sonapur Tunnel - Lukha River Gorge Lifeline,Severe Mudslide Karst Chokepoint,821,41,44,29,10,0.0,0.0,32.8,7.3,68,7978,16,0.0,105,0,Clear,33,7,Open
REC-00979,2025-05-19 05:10:00,Nagaland,Kohima & Dimapur,NH-29,Dimapur Bypass - Pagla Pahar - Kohima Ridge,Active Tectonic Sinking Zone,1387,41,49,43,9,17.7,52.1,50.6,17.0,65,3412,2,0.0,248,0,Clear,37,4,Open
REC-00980,2025-08-16 10:25:00,Assam,Kamrup Metropolitan (Guwahati),NH-27,Guwahati - Saraighat - Rangia Corridor,Valley River Basin,55,9,84,60,2,45.8,142.6,79.9,34.1,89,8024,25,0.0,158,0,Clear,31,13,Open
REC-00981,2026-08-03 19:39:00,Meghalaya,East Jaintia Hills (Sonapur),NH-6,Sonapur Tunnel - Lukha River Gorge Lifeline,Severe Mudslide Karst Chokepoint,889,45,37,28,10,62.3,220.7,85.0,25.1,82,2081,9,0.0,140,1,Rockfall,58,103,Caution
REC-00982,2025-04-30 06:17:00,Manipur,Imphal West (Imphal),NH-102,Imphal - Thoubal - Moreh Trans-Asian Highway,Manipur Central Valley,823,23,65,48,3,12.3,24.4,30.0,23.4,79,1068,24,0.0,171,0,Clear,23,14,Open
REC-00983,2025-12-22 21:56:00,Sikkim,Gangtok & Mangan,NH-10,Rangpo Border - 29th Mile Teesta Gorge - Gangtok,Teesta River Canyon Chokepoint,1585,44,46,22,10,0.0,0.0,38.1,8.2,76,5067,4,0.0,163,0,Clear,34,7,Open
REC-00984,2025-09-05 21:30:00,Sikkim,Pakyong (Airport Corridor),NH-717A,Rorathang - Pakyong Multi-Modal Link,Hill Slope Terraces,1407,35,64,35,7,109.3,479.5,71.2,19.2,99,6423,5,0.0,122,1,Severe Waterlogging,68,108,Caution
REC-00985,2025-12-12 20:12:00,Tripura,West Tripura (Agartala),NH-8,Churaibari Gate - Teliamura - Agartala Arterial,Tripura Plain / Low Hillocks,15,11,68,66,3,0.0,0.0,40.7,20.8,58,1487,16,0.0,67,0,Clear,18,1,Open
REC-00986,2026-07-10 01:55:00,Assam,Dima Hasao (Haflong),NH-27,Haflong Hill Section - Jatinga Valley,Rugged Mountain Range,920,39,49,41,9,81.8,213.3,74.6,27.0,84,4925,12,0.0,84,0,Rockfall,56,186,Open
REC-00987,2025-12-17 07:14:00,Nagaland,Mokokchung,NH-702,Amguri - Tuli - Mokokchung Industrial Corridor,Hilly Ridge Crest,1353,29,54,42,5,0.0,0.0,35.2,10.2,78,213,7,0.0,218,1,Minor Slump & Slippage,23,74,Caution
REC-00988,2025-10-25 09:18:00,Arunachal Pradesh,Papum Pare (Itanagar),NH-415,Holongi - Itanagar - Naharlagun Arterial,Sub-Himalayan Foothills,301,26,70,59,5,0.0,0.0,41.2,13.6,60,6216,22,0.0,124,0,Clear,20,11,Open
REC-00989,2026-02-15 06:50:00,Assam,Dima Hasao (Haflong),NH-27,Haflong Hill Section - Jatinga Valley,Rugged Mountain Range,843,33,57,31,9,0.0,0.0,19.4,14.7,36,4227,22,0.0,223,0,Clear,22,10,Open
REC-00990,2025-09-11 11:36:00,Arunachal Pradesh,Tawang & West Kameng,NH-13,"Bhalukpong - Bomdila - Sela Pass (4,170m)",Eastern Himalayan Alpine,2988,46,57,38,8,80.6,238.6,63.8,13.1,96,6843,10,0.0,150,1,Rockfall,59,165,Caution
REC-00991,2025-05-14 04:37:00,Arunachal Pradesh,Papum Pare (Itanagar),NH-415,Holongi - Itanagar - Naharlagun Arterial,Sub-Himalayan Foothills,335,17,78,52,5,7.6,21.1,83.0,24.7,61,3325,11,0.0,90,0,Clear,28,2,Open
REC-00992,2025-12-22 19:32:00,Mizoram,Lunglei,NH-54,Thenzawl - Lunglei Southern Lifeline,Rugged Mountain Escarpment,1369,34,55,41,6,3.7,5.0,44.6,12.2,61,1514,12,0.0,193,0,Clear,28,4,Open
REC-00993,2025-09-25 02:23:00,Meghalaya,East Khasi Hills (Shillong),NH-6,Umiam - Mawlai - Shillong Peak Bypass,Highland Plateau,1614,34,83,49,6,47.9,227.4,60.0,23.0,86,7634,21,0.0,170,0,Clear,44,3,Open
REC-00994,2025-12-25 17:34:00,Mizoram,Lunglei,NH-54,Thenzawl - Lunglei Southern Lifeline,Rugged Mountain Escarpment,1395,34,56,41,6,1.2,1.6,47.7,11.5,72,8956,30,0.0,75,0,Clear,30,12,Open
REC-00995,2026-01-14 12:47:00,Nagaland,Mokokchung,NH-702,Amguri - Tuli - Mokokchung Industrial Corridor,Hilly Ridge Crest,1356,33,61,48,5,0.0,0.0,21.8,10.2,44,3172,16,0.0,123,0,Clear,21,5,Open
REC-00996,2026-09-27 06:50:00,Manipur,Noney & Tamenglong,NH-37,Noney Tupul - Makru Bridge Mountain Link,Steep Hillside Chokepoint,968,42,45,32,9,101.0,399.6,80.6,21.9,71,2633,27,0.0,184,0,Rockfall,64,236,Open
REC-00997,2025-09-12 16:44:00,Meghalaya,East Khasi Hills (Shillong),NH-6,Umiam - Mawlai - Shillong Peak Bypass,Highland Plateau,1549,36,75,51,6,0.0,0.0,81.8,18.5,86,3554,21,0.0,171,0,Clear,34,10,Open
REC-00998,2026-10-10 12:12:00,Arunachal Pradesh,Papum Pare (Itanagar),NH-415,Holongi - Itanagar - Naharlagun Arterial,Sub-Himalayan Foothills,328,26,62,54,5,0.0,0.0,29.0,14.1,47,831,12,0.0,86,0,Clear,23,5,Open
REC-00999,2025-06-01 14:25:00,Assam,Cachar (Silchar),NH-37 / NH-6,Silchar - Badarpur - Kalain Pass,Barak Valley Floodplain,28,13,64,41,4,18.2,90.4,79.7,30.6,88,9906,19,0.0,118,0,Clear,30,6,Open
REC-01000,2026-05-23 23:05:00,Tripura,West Tripura (Agartala),NH-8,Churaibari Gate - Teliamura - Agartala Arterial,Tripura Plain / Low Hillocks,17,7,75,63,3,0.0,0.0,39.4,25.9,53,3700,2,0.0,170,0,Clear,17,0,Open
REC-01001,2025-10-12 04:42:00,Assam,Dima Hasao (Haflong),NH-27,Haflong Hill Section - Jatinga Valley,Rugged Mountain Range,1026,42,54,42,9,0.0,0.0,47.9,13.7,43,4466,3,0.0,157,0,Clear,32,15,Open
REC-01002,2025-04-21 12:57:00,Mizoram,Lunglei,NH-54,Thenzawl - Lunglei Southern Lifeline,Rugged Mountain Escarpment,1286,30,50,47,6,0.5,1.4,61.6,20.0,57,902,2,0.0,15,0,Clear,28,4,Open
REC-01003,2026-06-30 13:07:00,Sikkim,Pakyong (Airport Corridor),NH-717A,Rorathang - Pakyong Multi-Modal Link,Hill Slope Terraces,1460,34,64,44,7,82.8,321.4,77.2,24.7,87,9664,4,0.0,78,1,Severe Waterlogging,58,83,Caution
REC-01004,2026-04-21 11:44:00,Nagaland,Mokokchung,NH-702,Amguri - Tuli - Mokokchung Industrial Corridor,Hilly Ridge Crest,1513,26,57,36,5,49.2,115.0,55.6,15.7,83,6103,7,0.0,136,0,Clear,36,8,Open
REC-01005,2025-04-10 14:47:00,Sikkim,Gangtok & Mangan,NH-10,Rangpo Border - 29th Mile Teesta Gorge - Gangtok,Teesta River Canyon Chokepoint,1753,50,48,19,10,39.8,88.2,79.5,10.4,90,7550,16,0.0,170,0,Clear,48,12,Open
REC-01006,2025-04-23 17:00:00,Tripura,West Tripura (Agartala),NH-8,Churaibari Gate - Teliamura - Agartala Arterial,Tripura Plain / Low Hillocks,15,6,69,62,3,0.0,0.0,53.4,28.7,68,5456,11,0.0,133,0,Clear,15,14,Open
REC-01007,2026-01-21 14:33:00,Manipur,Imphal West (Imphal),NH-102,Imphal - Thoubal - Moreh Trans-Asian Highway,Manipur Central Valley,835,14,68,56,3,0.0,0.0,31.0,11.5,42,7039,11,3.3,196,0,Clear,17,12,Open
REC-01008,2026-03-01 05:07:00,Assam,Kamrup Metropolitan (Guwahati),NH-27,Guwahati - Saraighat - Rangia Corridor,Valley River Basin,57,4,91,63,2,0.0,0.0,24.7,18.3,58,5549,2,4.1,77,0,Clear,13,7,Open
REC-01009,2026-10-05 18:35:00,Assam,Kamrup Metropolitan (Guwahati),NH-27,Guwahati - Saraighat - Rangia Corridor,Valley River Basin,55,5,80,60,2,3.7,3.9,38.6,17.2,37,8561,12,0.0,237,0,Clear,11,14,Open
REC-01010,2025-04-14 01:00:00,Nagaland,Kohima & Dimapur,NH-29,Dimapur Bypass - Pagla Pahar - Kohima Ridge,Active Tectonic Sinking Zone,1451,35,49,33,9,21.8,45.7,49.8,12.3,54,6630,5,0.0,276,0,Clear,39,8,Open
REC-01011,2026-06-23 17:42:00,Arunachal Pradesh,Papum Pare (Itanagar),NH-415,Holongi - Itanagar - Naharlagun Arterial,Sub-Himalayan Foothills,307,17,63,61,5,142.0,539.0,56.7,30.5,79,1119,8,0.0,59,0,Severe Waterlogging,64,140,Open
REC-01012,2025-05-19 07:17:00,Meghalaya,East Khasi Hills (Shillong),NH-6,Umiam - Mawlai - Shillong Peak Bypass,Highland Plateau,1636,35,77,45,6,31.9,98.5,47.1,18.1,95,6418,16,0.0,5,0,Clear,33,9,Open
REC-01013,2026-04-22 04:50:00,Assam,Cachar (Silchar),NH-37 / NH-6,Silchar - Badarpur - Kalain Pass,Barak Valley Floodplain,33,8,68,45,4,27.2,83.6,52.6,26.1,62,7770,14,0.0,81,0,Clear,24,9,Open
REC-01014,2025-05-01 08:31:00,Sikkim,Pakyong (Airport Corridor),NH-717A,Rorathang - Pakyong Multi-Modal Link,Hill Slope Terraces,1304,41,65,45,7,82.7,184.4,70.4,16.3,66,7961,18,0.0,211,0,Rockfall,57,80,Open
REC-01015,2026-01-20 10:46:00,Meghalaya,East Jaintia Hills (Sonapur),NH-6,Sonapur Tunnel - Lukha River Gorge Lifeline,Severe Mudslide Karst Chokepoint,885,47,43,24,10,0.0,0.0,29.0,12.3,32,3828,18,0.0,140,0,Clear,30,4,Open
REC-01016,2026-08-20 05:27:00,Sikkim,Pakyong (Airport Corridor),NH-717A,Rorathang - Pakyong Multi-Modal Link,Hill Slope Terraces,1449,32,73,44,7,72.8,301.2,69.7,26.0,88,9879,11,0.0,153,0,Severe Waterlogging,57,74,Open
REC-01017,2026-08-14 11:39:00,Mizoram,Lunglei,NH-54,Thenzawl - Lunglei Southern Lifeline,Rugged Mountain Escarpment,1402,36,58,43,6,133.6,367.7,90.3,24.9,90,2319,16,0.0,74,1,Landslide,73,289,Blocked
REC-01018,2025-08-23 09:28:00,Nagaland,Kohima & Dimapur,NH-29,Dimapur Bypass - Pagla Pahar - Kohima Ridge,Active Tectonic Sinking Zone,1653,41,61,31,9,116.2,587.9,70.4,20.2,83,5719,7,0.0,5,0,Rockfall,70,190,Open
REC-01019,2025-11-14 06:07:00,Assam,Kamrup Metropolitan (Guwahati),NH-27,Guwahati - Saraighat - Rangia Corridor,Valley River Basin,53,10,81,61,2,0.0,0.0,33.4,22.1,58,3785,12,0.0,127,0,Clear,12,5,Open
REC-01020,2026-10-09 15:12:00,Tripura,West Tripura (Agartala),NH-8,Churaibari Gate - Teliamura - Agartala Arterial,Tripura Plain / Low Hillocks,15,11,81,58,3,5.9,8.5,33.1,20.4,53,5809,2,0.0,181,0,Clear,16,1,Open
REC-01021,2026-09-07 18:55:00,Meghalaya,East Khasi Hills (Shillong),NH-6,Umiam - Mawlai - Shillong Peak Bypass,Highland Plateau,1459,39,65,47,6,0.0,0.0,71.8,18.4,92,8053,14,0.0,193,0,Clear,36,9,Open
REC-01022,2025-11-01 12:08:00,Manipur,Imphal West (Imphal),NH-102,Imphal - Thoubal - Moreh Trans-Asian Highway,Manipur Central Valley,634,18,62,53,3,0.0,0.0,45.8,12.0,44,1275,23,0.0,176,0,Clear,17,0,Open
REC-01023,2026-03-15 05:06:00,Manipur,Imphal West (Imphal),NH-102,Imphal - Thoubal - Moreh Trans-Asian Highway,Manipur Central Valley,817,12,74,57,3,0.0,0.0,24.8,12.1,62,9231,20,0.0,90,0,Clear,9,14,Open
REC-01024,2026-06-23 05:35:00,Nagaland,Kohima & Dimapur,NH-29,Dimapur Bypass - Pagla Pahar - Kohima Ridge,Active Tectonic Sinking Zone,1454,33,52,34,9,101.7,490.7,76.9,20.7,76,2871,26,0.0,86,1,Severe Waterlogging,63,63,Caution
REC-01025,2026-02-01 16:34:00,Meghalaya,East Jaintia Hills (Sonapur),NH-6,Sonapur Tunnel - Lukha River Gorge Lifeline,Severe Mudslide Karst Chokepoint,842,53,36,28,10,3.1,5.8,39.8,10.7,65,9469,7,0.0,268,0,Clear,39,15,Open
REC-01026,2026-09-18 12:33:00,Arunachal Pradesh,Tawang & West Kameng,NH-13,"Bhalukpong - Bomdila - Sela Pass (4,170m)",Eastern Himalayan Alpine,3341,45,63,41,8,35.6,100.2,84.9,8.8,93,9587,21,0.0,159,0,Clear,48,2,Open
REC-01027,2026-03-11 18:00:00,Manipur,Noney & Tamenglong,NH-37,Noney Tupul - Makru Bridge Mountain Link,Steep Hillside Chokepoint,1080,36,55,27,9,0.0,0.0,39.1,6.6,38,2526,7,0.0,68,0,Clear,34,13,Open
REC-01028,2025-11-13 11:05:00,Arunachal Pradesh,Papum Pare (Itanagar),NH-415,Holongi - Itanagar - Naharlagun Arterial,Sub-Himalayan Foothills,360,24,69,54,5,0.0,0.0,34.6,16.0,40,6016,13,0.0,114,0,Clear,18,7,Open
REC-01029,2025-04-11 07:54:00,Assam,Dima Hasao (Haflong),NH-27,Haflong Hill Section - Jatinga Valley,Rugged Mountain Range,1063,37,47,39,9,0.0,0.0,54.0,20.3,65,7789,16,0.0,125,0,Clear,36,1,Open
REC-01030,2026-03-02 01:56:00,Mizoram,Aizawl & Kolasib,NH-306,Vairengte Gateway - Hunthar Slope - Aizawl,North-South Structural Ridge,1247,42,58,39,8,0.8,1.2,22.5,8.1,33,9498,6,0.0,121,0,Clear,27,12,Open
REC-01031,2025-11-01 11:15:00,Manipur,Imphal West (Imphal),NH-102,Imphal - Thoubal - Moreh Trans-Asian Highway,Manipur Central Valley,788,10,66,48,3,0.0,0.0,23.9,17.5,65,7848,23,0.0,165,0,Clear,10,12,Open
REC-01032,2026-08-13 18:11:00,Manipur,Imphal West (Imphal),NH-102,Imphal - Thoubal - Moreh Trans-Asian Highway,Manipur Central Valley,751,16,68,47,3,103.3,368.9,83.2,30.4,84,2995,11,0.0,177,0,Clear,54,5,Open
REC-01033,2026-04-23 13:00:00,Sikkim,Gangtok & Mangan,NH-10,Rangpo Border - 29th Mile Teesta Gorge - Gangtok,Teesta River Canyon Chokepoint,1768,49,36,15,10,14.5,29.7,69.5,19.1,90,7553,29,0.0,178,0,Clear,42,10,Open
REC-01034,2026-05-25 08:02:00,Mizoram,Aizawl & Kolasib,NH-306,Vairengte Gateway - Hunthar Slope - Aizawl,North-South Structural Ridge,1076,31,66,38,8,72.2,228.5,64.0,23.6,71,935,30,0.0,79,1,Severe Waterlogging,55,112,Caution
REC-01035,2026-01-03 14:07:00,Manipur,Noney & Tamenglong,NH-37,Noney Tupul - Makru Bridge Mountain Link,Steep Hillside Chokepoint,1071,39,46,20,9,0.0,0.0,20.1,10.4,43,8914,12,0.0,79,0,Clear,25,0,Open
REC-01036,2025-09-25 16:34:00,Arunachal Pradesh,Tawang & West Kameng,NH-13,"Bhalukpong - Bomdila - Sela Pass (4,170m)",Eastern Himalayan Alpine,3102,40,65,36,8,68.1,295.6,74.0,17.6,81,2633,17,0.0,85,0,Rockfall,52,128,Open
REC-01037,2025-04-22 20:27:00,Arunachal Pradesh,Papum Pare (Itanagar),NH-415,Holongi - Itanagar - Naharlagun Arterial,Sub-Himalayan Foothills,330,17,70,52,5,38.9,113.9,90.0,26.3,63,1375,2,0.0,195,0,Clear,30,15,Open
REC-01038,2026-07-26 14:41:00,Arunachal Pradesh,Papum Pare (Itanagar),NH-415,Holongi - Itanagar - Naharlagun Arterial,Sub-Himalayan Foothills,345,24,68,53,5,63.1,199.9,56.4,27.0,88,4913,24,0.0,173,0,Clear,43,13,Open
REC-01039,2025-10-08 17:08:00,Assam,Kamrup Metropolitan (Guwahati),NH-27,Guwahati - Saraighat - Rangia Corridor,Valley River Basin,43,9,83,72,2,0.0,0.0,33.0,17.3,62,3591,17,0.0,86,0,Clear,9,8,Open
REC-01040,2025-06-07 00:03:00,Manipur,Noney & Tamenglong,NH-37,Noney Tupul - Makru Bridge Mountain Link,Steep Hillside Chokepoint,969,40,43,28,9,72.4,334.6,68.6,26.1,88,4735,20,0.0,106,0,Rockfall,61,222,Open
REC-01041,2025-08-26 08:34:00,Meghalaya,East Jaintia Hills (Sonapur),NH-6,Sonapur Tunnel - Lukha River Gorge Lifeline,Severe Mudslide Karst Chokepoint,875,45,47,24,10,75.3,353.2,81.3,27.5,83,7466,15,3.9,155,1,Rockfall,72,225,Caution
REC-01042,2025-09-24 13:06:00,Arunachal Pradesh,Papum Pare (Itanagar),NH-415,Holongi - Itanagar - Naharlagun Arterial,Sub-Himalayan Foothills,328,27,69,53,5,99.2,280.1,83.5,26.4,85,4324,19,2.5,57,1,Severe Waterlogging,59,53,Caution
REC-01043,2026-03-10 07:25:00,Assam,Cachar (Silchar),NH-37 / NH-6,Silchar - Badarpur - Kalain Pass,Barak Valley Floodplain,37,21,65,46,4,0.0,0.0,43.6,17.5,66,8416,13,0.0,111,0,Clear,19,0,Open
REC-01044,2026-07-17 06:39:00,Assam,Kamrup Metropolitan (Guwahati),NH-27,Guwahati - Saraighat - Rangia Corridor,Valley River Basin,52,10,84,69,2,36.7,177.5,83.6,32.6,85,7036,2,0.0,79,0,Clear,32,8,Open
REC-01045,2026-01-12 23:26:00,Mizoram,Lunglei,NH-54,Thenzawl - Lunglei Southern Lifeline,Rugged Mountain Escarpment,1259,37,57,44,6,0.0,0.0,38.9,3.8,60,903,7,0.0,134,0,Clear,27,4,Open
REC-01046,2026-04-05 04:05:00,Arunachal Pradesh,Tawang & West Kameng,NH-13,"Bhalukpong - Bomdila - Sela Pass (4,170m)",Eastern Himalayan Alpine,3119,50,59,48,8,45.9,124.3,73.7,5.8,73,1078,9,0.0,82,0,Clear,48,5,Open
REC-01047,2025-04-24 06:43:00,Nagaland,Mokokchung,NH-702,Amguri - Tuli - Mokokchung Industrial Corridor,Hilly Ridge Crest,1459,26,60,55,5,39.7,91.1,79.6,16.7,94,8428,8,0.0,89,0,Clear,38,11,Open
REC-01048,2025-07-24 12:02:00,Nagaland,Kohima & Dimapur,NH-29,Dimapur Bypass - Pagla Pahar - Kohima Ridge,Active Tectonic Sinking Zone,1331,48,52,30,9,106.1,307.1,93.6,19.2,95,3597,6,0.0,60,1,Rockfall,69,197,Caution
REC-01049,2025-12-18 15:35:00,Sikkim,Gangtok & Mangan,NH-10,Rangpo Border - 29th Mile Teesta Gorge - Gangtok,Teesta River Canyon Chokepoint,1752,53,49,25,10,0.0,0.0,49.9,12.1,52,5211,13,0.0,116,0,Clear,44,2,Open
REC-01050,2025-05-04 15:18:00,Meghalaya,East Khasi Hills (Shillong),NH-6,Umiam - Mawlai - Shillong Peak Bypass,Highland Plateau,1562,26,81,52,6,1.4,2.7,46.7,14.1,70,9468,26,0.0,78,0,Clear,23,6,Open
REC-01051,2025-11-22 08:34:00,Mizoram,Lunglei,NH-54,Thenzawl - Lunglei Southern Lifeline,Rugged Mountain Escarpment,1297,32,57,41,6,0.0,0.0,29.8,9.5,30,9447,8,0.0,145,0,Clear,25,15,Open
REC-01052,2025-04-15 11:57:00,Meghalaya,East Jaintia Hills (Sonapur),NH-6,Sonapur Tunnel - Lukha River Gorge Lifeline,Severe Mudslide Karst Chokepoint,904,48,39,24,10,31.1,70.3,78.4,17.8,57,5579,11,0.0,185,0,Clear,47,0,Open
REC-01053,2025-08-03 08:07:00,Assam,Dima Hasao (Haflong),NH-27,Haflong Hill Section - Jatinga Valley,Rugged Mountain Range,933,32,51,42,9,62.3,264.1,82.4,24.2,90,3294,15,0.0,90,1,Minor Slump & Slippage,52,76,Caution
REC-01054,2025-05-16 12:00:00,Sikkim,Pakyong (Airport Corridor),NH-717A,Rorathang - Pakyong Multi-Modal Link,Hill Slope Terraces,1614,34,66,39,7,9.8,25.1,58.7,20.2,61,9772,8,0.0,179,0,Clear,32,8,Open
REC-01055,2025-12-12 13:07:00,Manipur,Imphal West (Imphal),NH-102,Imphal - Thoubal - Moreh Trans-Asian Highway,Manipur Central Valley,855,11,72,45,3,0.0,0.0,35.4,13.4,68,9897,15,0.0,101,0,Clear,16,9,Open
REC-01056,2025-04-19 06:40:00,Meghalaya,East Jaintia Hills (Sonapur),NH-6,Sonapur Tunnel - Lukha River Gorge Lifeline,Severe Mudslide Karst Chokepoint,937,48,42,21,10,22.0,40.0,89.1,22.5,65,1291,6,0.0,139,0,Clear,50,12,Open
REC-01057,2026-06-27 04:45:00,Sikkim,Gangtok & Mangan,NH-10,Rangpo Border - 29th Mile Teesta Gorge - Gangtok,Teesta River Canyon Chokepoint,1804,45,50,17,10,42.2,112.3,87.1,21.7,89,9632,2,0.0,107,0,Clear,54,14,Open
REC-01058,2025-04-02 04:57:00,Mizoram,Aizawl & Kolasib,NH-306,Vairengte Gateway - Hunthar Slope - Aizawl,North-South Structural Ridge,1062,32,64,39,8,19.9,45.5,62.5,14.1,82,8460,16,0.0,251,0,Clear,37,14,Open
REC-01059,2025-04-09 09:05:00,Assam,Kamrup Metropolitan (Guwahati),NH-27,Guwahati - Saraighat - Rangia Corridor,Valley River Basin,60,6,86,58,2,19.6,39.7,81.3,24.1,83,7659,22,0.0,47,0,Clear,21,0,Open
REC-01060,2026-05-13 03:56:00,Mizoram,Aizawl & Kolasib,NH-306,Vairengte Gateway - Hunthar Slope - Aizawl,North-South Structural Ridge,1164,37,65,46,8,52.4,107.0,63.3,18.6,83,10000,14,0.0,153,0,Clear,47,4,Open
REC-01061,2025-06-10 11:05:00,Sikkim,Gangtok & Mangan,NH-10,Rangpo Border - 29th Mile Teesta Gorge - Gangtok,Teesta River Canyon Chokepoint,1524,49,55,10,10,48.5,139.5,77.6,19.4,82,6126,14,0.0,170,0,Clear,52,9,Open
REC-01062,2025-05-18 09:41:00,Nagaland,Mokokchung,NH-702,Amguri - Tuli - Mokokchung Industrial Corridor,Hilly Ridge Crest,1308,25,67,42,5,31.1,75.1,67.5,21.9,95,1212,16,0.0,136,0,Clear,36,9,Open
REC-01063,2025-08-31 08:15:00,Tripura,West Tripura (Agartala),NH-8,Churaibari Gate - Teliamura - Agartala Arterial,Tripura Plain / Low Hillocks,16,9,82,63,3,0.0,0.0,86.0,33.0,87,2463,19,0.0,166,0,Clear,19,0,Open
REC-01064,2026-06-03 22:51:00,Nagaland,Mokokchung,NH-702,Amguri - Tuli - Mokokchung Industrial Corridor,Hilly Ridge Crest,1360,35,61,38,5,33.2,152.6,88.0,28.4,84,8040,20,0.0,78,0,Clear,44,14,Open
REC-01065,2025-09-11 18:03:00,Assam,Dima Hasao (Haflong),NH-27,Haflong Hill Section - Jatinga Valley,Rugged Mountain Range,996,37,53,34,9,28.7,126.8,80.2,22.6,89,8719,13,0.0,150,0,Clear,48,6,Open
REC-01066,2025-05-25 09:46:00,Mizoram,Aizawl & Kolasib,NH-306,Vairengte Gateway - Hunthar Slope - Aizawl,North-South Structural Ridge,1167,42,63,39,8,0.0,0.0,71.9,20.7,75,7891,20,0.0,51,0,Clear,36,12,Open
REC-01067,2026-01-15 20:52:00,Manipur,Noney & Tamenglong,NH-37,Noney Tupul - Makru Bridge Mountain Link,Steep Hillside Chokepoint,892,40,53,30,9,0.4,0.7,33.2,11.9,39,3204,13,0.0,120,0,Clear,28,5,Open
REC-01068,2026-09-23 16:17:00,Assam,Dima Hasao (Haflong),NH-27,Haflong Hill Section - Jatinga Valley,Rugged Mountain Range,910,39,60,34,9,0.0,0.0,80.1,26.4,88,2411,6,0.0,157,0,Clear,42,9,Open
REC-01069,2026-01-11 02:51:00,Arunachal Pradesh,Papum Pare (Itanagar),NH-415,Holongi - Itanagar - Naharlagun Arterial,Sub-Himalayan Foothills,353,25,73,59,5,0.0,0.0,50.4,18.2,58,4727,11,0.0,198,0,Clear,20,1,Open
REC-01070,2025-09-15 01:44:00,Arunachal Pradesh,Papum Pare (Itanagar),NH-415,Holongi - Itanagar - Naharlagun Arterial,Sub-Himalayan Foothills,300,25,66,63,5,83.1,345.1,94.8,29.8,78,5322,15,0.0,121,0,Clear,57,15,Open
REC-01071,2026-07-22 20:35:00,Meghalaya,East Khasi Hills (Shillong),NH-6,Umiam - Mawlai - Shillong Peak Bypass,Highland Plateau,1442,29,80,44,6,139.8,523.5,82.9,26.4,84,6612,8,0.0,45,0,Severe Waterlogging,69,117,Open
REC-01072,2026-09-19 10:55:00,Sikkim,Pakyong (Airport Corridor),NH-717A,Rorathang - Pakyong Multi-Modal Link,Hill Slope Terraces,1461,35,56,35,7,60.9,174.3,83.0,25.5,90,2755,31,0.0,139,0,Clear,50,0,Open
REC-01073,2025-05-28 22:14:00,Sikkim,Pakyong (Airport Corridor),NH-717A,Rorathang - Pakyong Multi-Modal Link,Hill Slope Terraces,1512,36,65,46,7,24.7,60.6,66.7,18.8,70,3333,21,0.0,143,0,Clear,33,12,Open
REC-01074,2026-08-06 15:49:00,Manipur,Noney & Tamenglong,NH-37,Noney Tupul - Makru Bridge Mountain Link,Steep Hillside Chokepoint,1064,35,47,21,9,86.7,304.9,86.6,27.5,89,914,16,4.6,164,1,Landslide,63,196,Blocked
REC-01075,2025-09-21 20:16:00,Assam,Kamrup Metropolitan (Guwahati),NH-27,Guwahati - Saraighat - Rangia Corridor,Valley River Basin,60,14,75,68,2,90.6,408.4,77.2,33.1,99,2791,12,0.0,304,0,Clear,46,11,Open
REC-01076,2025-12-22 12:42:00,Sikkim,Pakyong (Airport Corridor),NH-717A,Rorathang - Pakyong Multi-Modal Link,Hill Slope Terraces,1487,37,66,35,7,0.0,0.0,20.8,10.8,61,6774,21,0.0,253,0,Clear,25,3,Open
REC-01077,2026-01-31 04:24:00,Sikkim,Gangtok & Mangan,NH-10,Rangpo Border - 29th Mile Teesta Gorge - Gangtok,Teesta River Canyon Chokepoint,1875,47,40,12,10,2.2,2.2,36.0,3.9,58,5421,13,0.0,92,0,Clear,31,4,Open
REC-01078,2026-10-07 09:32:00,Mizoram,Aizawl & Kolasib,NH-306,Vairengte Gateway - Hunthar Slope - Aizawl,North-South Structural Ridge,1144,34,55,39,8,0.1,0.1,43.2,15.5,62,1567,15,0.0,104,0,Clear,29,12,Open
REC-01079,2026-05-19 22:50:00,Mizoram,Aizawl & Kolasib,NH-306,Vairengte Gateway - Hunthar Slope - Aizawl,North-South Structural Ridge,1081,34,57,42,8,26.1,81.2,82.3,18.6,77,6138,17,0.0,123,0,Clear,42,13,Open
REC-01080,2026-02-22 15:15:00,Meghalaya,East Khasi Hills (Shillong),NH-6,Umiam - Mawlai - Shillong Peak Bypass,Highland Plateau,1282,36,79,45,6,0.0,0.0,29.2,12.9,57,8872,12,0.0,143,0,Clear,21,8,Open
REC-01081,2026-04-21 20:02:00,Meghalaya,East Jaintia Hills (Sonapur),NH-6,Sonapur Tunnel - Lukha River Gorge Lifeline,Severe Mudslide Karst Chokepoint,900,51,43,20,10,24.0,68.8,66.4,22.7,59,7929,25,0.0,151,0,Clear,53,14,Open
REC-01082,2025-05-08 11:04:00,Meghalaya,East Jaintia Hills (Sonapur),NH-6,Sonapur Tunnel - Lukha River Gorge Lifeline,Severe Mudslide Karst Chokepoint,819,43,43,24,10,19.5,40.7,61.3,24.1,78,8675,2,0.0,103,0,Clear,44,7,Open
REC-01083,2025-10-08 14:18:00,Assam,Kamrup Metropolitan (Guwahati),NH-27,Guwahati - Saraighat - Rangia Corridor,Valley River Basin,54,5,74,65,2,0.0,0.0,40.0,18.1,44,1616,16,0.0,151,0,Clear,9,14,Open
REC-01084,2026-09-11 09:02:00,Arunachal Pradesh,Tawang & West Kameng,NH-13,"Bhalukpong - Bomdila - Sela Pass (4,170m)",Eastern Himalayan Alpine,2563,47,59,28,8,79.6,306.1,77.1,14.8,89,1907,9,0.0,81,1,Rockfall,67,181,Caution
REC-01085,2025-08-20 11:38:00,Sikkim,Gangtok & Mangan,NH-10,Rangpo Border - 29th Mile Teesta Gorge - Gangtok,Teesta River Canyon Chokepoint,1646,58,47,26,10,132.1,501.1,97.0,23.0,78,1294,16,0.0,50,1,Mudflow,84,642,Blocked
REC-01086,2025-11-27 08:00:00,Nagaland,Kohima & Dimapur,NH-29,Dimapur Bypass - Pagla Pahar - Kohima Ridge,Active Tectonic Sinking Zone,1409,40,53,28,9,0.0,0.0,38.4,6.0,32,2173,20,0.0,105,0,Clear,33,10,Open
REC-01087,2026-07-06 01:47:00,Sikkim,Gangtok & Mangan,NH-10,Rangpo Border - 29th Mile Teesta Gorge - Gangtok,Teesta River Canyon Chokepoint,1620,46,51,16,10,66.6,261.1,72.8,24.1,82,1252,27,0.0,129,1,Rockfall,58,93,Caution
REC-01088,2025-10-29 05:03:00,Sikkim,Pakyong (Airport Corridor),NH-717A,Rorathang - Pakyong Multi-Modal Link,Hill Slope Terraces,1383,35,63,44,7,0.0,0.0,27.9,6.7,44,8829,15,0.0,170,0,Clear,26,9,Open
REC-01089,2026-10-09 11:07:00,Arunachal Pradesh,Tawang & West Kameng,NH-13,"Bhalukpong - Bomdila - Sela Pass (4,170m)",Eastern Himalayan Alpine,3196,45,61,37,8,0.0,0.0,24.5,-0.7,63,928,19,0.0,143,0,Clear,30,13,Open
REC-01090,2025-07-07 08:11:00,Assam,Kamrup Metropolitan (Guwahati),NH-27,Guwahati - Saraighat - Rangia Corridor,Valley River Basin,57,10,79,69,2,49.6,247.3,74.9,29.6,97,1116,26,0.0,68,0,Clear,36,0,Open
REC-01091,2026-01-24 18:12:00,Assam,Cachar (Silchar),NH-37 / NH-6,Silchar - Badarpur - Kalain Pass,Barak Valley Floodplain,37,5,66,56,4,1.8,2.6,15.0,15.5,54,8018,17,0.0,160,0,Clear,12,1,Open
REC-01092,2026-02-27 08:03:00,Nagaland,Mokokchung,NH-702,Amguri - Tuli - Mokokchung Industrial Corridor,Hilly Ridge Crest,1202,32,62,41,5,1.4,2.4,35.2,12.3,61,4484,22,0.0,186,0,Clear,29,3,Open
REC-01093,2025-11-14 11:41:00,Nagaland,Mokokchung,NH-702,Amguri - Tuli - Mokokchung Industrial Corridor,Hilly Ridge Crest,1348,24,58,45,5,12.3,19.2,46.0,10.3,49,6225,17,0.0,61,0,Clear,26,11,Open
REC-01094,2026-07-08 23:00:00,Assam,Kamrup Metropolitan (Guwahati),NH-27,Guwahati - Saraighat - Rangia Corridor,Valley River Basin,62,8,87,62,2,115.1,462.4,73.9,35.8,86,1155,13,0.0,34,0,Clear,49,5,Open
REC-01095,2025-09-17 05:49:00,Assam,Cachar (Silchar),NH-37 / NH-6,Silchar - Badarpur - Kalain Pass,Barak Valley Floodplain,39,9,65,48,4,103.3,514.0,86.5,30.4,83,9683,12,0.0,113,0,Clear,54,0,Open
REC-01096,2025-12-07 11:04:00,Arunachal Pradesh,Tawang & West Kameng,NH-13,"Bhalukpong - Bomdila - Sela Pass (4,170m)",Eastern Himalayan Alpine,2837,46,56,39,8,5.5,10.5,41.4,-0.6,58,4506,20,0.0,116,0,Clear,36,9,Open
REC-01097,2025-10-16 07:12:00,Arunachal Pradesh,Papum Pare (Itanagar),NH-415,Holongi - Itanagar - Naharlagun Arterial,Sub-Himalayan Foothills,377,22,69,58,5,0.0,0.0,24.6,14.8,55,9604,24,0.0,132,0,Clear,23,8,Open
REC-01098,2025-07-02 05:56:00,Manipur,Noney & Tamenglong,NH-37,Noney Tupul - Makru Bridge Mountain Link,Steep Hillside Chokepoint,924,39,46,32,9,148.4,629.1,73.5,28.4,90,2993,6,0.0,153,1,Flash Flood,76,486,Blocked
REC-01099,2026-02-11 18:23:00,Sikkim,Pakyong (Airport Corridor),NH-717A,Rorathang - Pakyong Multi-Modal Link,Hill Slope Terraces,1363,31,64,44,7,0.0,0.0,41.3,10.5,55,2402,16,0.0,147,0,Clear,24,11,Open
REC-01100,2026-05-16 04:27:00,Manipur,Imphal West (Imphal),NH-102,Imphal - Thoubal - Moreh Trans-Asian Highway,Manipur Central Valley,720,16,74,56,3,37.3,83.8,50.5,20.4,64,2485,17,4.3,100,0,Clear,34,5,Open
REC-01101,2026-02-17 04:17:00,Manipur,Noney & Tamenglong,NH-37,Noney Tupul - Makru Bridge Mountain Link,Steep Hillside Chokepoint,1025,41,48,27,9,0.6,0.7,35.9,11.6,49,2341,12,0.0,214,0,Clear,32,14,Open
REC-01102,2026-07-17 20:08:00,Tripura,West Tripura (Agartala),NH-8,Churaibari Gate - Teliamura - Agartala Arterial,Tripura Plain / Low Hillocks,15,7,79,56,3,151.1,496.0,77.9,36.4,85,9020,29,0.0,108,0,Clear,55,3,Open
REC-01103,2025-04-08 09:49:00,Arunachal Pradesh,Tawang & West Kameng,NH-13,"Bhalukpong - Bomdila - Sela Pass (4,170m)",Eastern Himalayan Alpine,2705,45,58,37,8,0.0,0.0,55.4,10.0,56,4641,14,0.0,40,0,Clear,39,5,Open
REC-01104,2026-07-23 22:34:00,Mizoram,Lunglei,NH-54,Thenzawl - Lunglei Southern Lifeline,Rugged Mountain Escarpment,1287,31,62,36,6,0.0,0.0,89.8,19.3,86,9439,13,0.0,155,0,Clear,32,13,Open
REC-01105,2025-08-17 12:50:00,Tripura,West Tripura (Agartala),NH-8,Churaibari Gate - Teliamura - Agartala Arterial,Tripura Plain / Low Hillocks,15,10,84,53,3,99.8,329.2,96.5,29.6,76,4350,21,0.0,54,0,Clear,47,5,Open
REC-01106,2026-03-25 00:48:00,Arunachal Pradesh,Tawang & West Kameng,NH-13,"Bhalukpong - Bomdila - Sela Pass (4,170m)",Eastern Himalayan Alpine,2751,49,47,40,8,0.7,1.2,43.0,4.6,46,5713,4,0.0,144,0,Clear,34,5,Open
REC-01107,2025-12-08 08:05:00,Arunachal Pradesh,Tawang & West Kameng,NH-13,"Bhalukpong - Bomdila - Sela Pass (4,170m)",Eastern Himalayan Alpine,2808,40,52,47,8,0.0,0.0,31.5,-2.5,37,8064,21,5.2,135,1,Landslide,42,400,Blocked
REC-01108,2025-10-07 02:30:00,Arunachal Pradesh,Papum Pare (Itanagar),NH-415,Holongi - Itanagar - Naharlagun Arterial,Sub-Himalayan Foothills,322,29,69,51,5,0.0,0.0,39.3,17.8,63,2182,8,0.0,99,0,Clear,26,2,Open
REC-01109,2025-11-14 12:54:00,Assam,Dima Hasao (Haflong),NH-27,Haflong Hill Section - Jatinga Valley,Rugged Mountain Range,942,36,59,26,9,0.2,0.4,51.1,11.9,61,7353,13,0.0,148,0,Clear,28,4,Open
REC-01110,2026-01-14 06:45:00,Nagaland,Mokokchung,NH-702,Amguri - Tuli - Mokokchung Industrial Corridor,Hilly Ridge Crest,1333,28,64,48,5,0.0,0.0,36.7,10.9,70,63,6,0.0,141,1,Dense Fog Blockage,28,59,Caution
REC-01111,2025-12-22 09:45:00,Assam,Kamrup Metropolitan (Guwahati),NH-27,Guwahati - Saraighat - Rangia Corridor,Valley River Basin,56,3,78,69,2,1.9,2.2,32.8,22.0,56,231,15,0.0,155,1,Minor Slump & Slippage,6,32,Caution
REC-01112,2025-10-31 08:38:00,Sikkim,Gangtok & Mangan,NH-10,Rangpo Border - 29th Mile Teesta Gorge - Gangtok,Teesta River Canyon Chokepoint,1679,48,48,22,10,0.0,0.0,36.5,7.5,64,6170,16,0.0,98,0,Clear,37,6,Open
REC-01113,2026-02-01 22:11:00,Arunachal Pradesh,Tawang & West Kameng,NH-13,"Bhalukpong - Bomdila - Sela Pass (4,170m)",Eastern Himalayan Alpine,3112,44,57,35,8,0.6,0.9,23.6,2.0,46,108,6,0.0,206,1,Minor Slump & Slippage,29,40,Caution
REC-01114,2026-01-26 17:23:00,Nagaland,Kohima & Dimapur,NH-29,Dimapur Bypass - Pagla Pahar - Kohima Ridge,Active Tectonic Sinking Zone,1324,37,40,24,9,0.0,0.0,48.0,8.6,55,4041,2,0.0,110,0,Clear,35,10,Open
REC-01115,2026-08-07 23:17:00,Mizoram,Lunglei,NH-54,Thenzawl - Lunglei Southern Lifeline,Rugged Mountain Escarpment,1165,38,63,45,6,65.8,198.9,75.7,28.9,92,4410,15,0.0,199,1,Rockfall,52,165,Caution
REC-01116,2026-01-26 07:29:00,Meghalaya,East Khasi Hills (Shillong),NH-6,Umiam - Mawlai - Shillong Peak Bypass,Highland Plateau,1711,34,67,55,6,0.0,0.0,34.5,10.5,63,6557,20,0.0,117,0,Clear,26,12,Open
REC-01117,2026-05-19 17:59:00,Manipur,Imphal West (Imphal),NH-102,Imphal - Thoubal - Moreh Trans-Asian Highway,Manipur Central Valley,676,17,72,53,3,48.5,91.9,30.0,22.9,58,9279,13,0.0,41,0,Clear,25,3,Open
REC-01118,2026-09-12 09:21:00,Assam,Kamrup Metropolitan (Guwahati),NH-27,Guwahati - Saraighat - Rangia Corridor,Valley River Basin,54,7,81,68,2,9.4,24.7,63.6,34.0,92,7818,12,5.1,126,0,Clear,29,7,Open
REC-01119,2025-04-28 12:30:00,Arunachal Pradesh,Papum Pare (Itanagar),NH-415,Holongi - Itanagar - Naharlagun Arterial,Sub-Himalayan Foothills,342,25,61,61,5,2.2,4.0,42.5,23.0,56,3022,16,0.0,154,0,Clear,19,0,Open
REC-01120,2026-09-03 20:32:00,Sikkim,Pakyong (Airport Corridor),NH-717A,Rorathang - Pakyong Multi-Modal Link,Hill Slope Terraces,1262,28,67,47,7,4.3,16.3,85.4,26.5,99,4162,16,0.0,145,0,Clear,36,15,Open
REC-01121,2025-04-25 23:54:00,Nagaland,Mokokchung,NH-702,Amguri - Tuli - Mokokchung Industrial Corridor,Hilly Ridge Crest,1346,27,58,40,5,0.0,0.0,90.0,18.5,89,2732,13,0.0,100,0,Clear,30,12,Open
REC-01122,2025-05-01 13:25:00,Sikkim,Pakyong (Airport Corridor),NH-717A,Rorathang - Pakyong Multi-Modal Link,Hill Slope Terraces,1297,36,69,37,7,0.0,0.0,73.5,21.0,54,1042,8,0.0,194,0,Clear,37,2,Open
REC-01123,2026-08-16 03:35:00,Arunachal Pradesh,Tawang & West Kameng,NH-13,"Bhalukpong - Bomdila - Sela Pass (4,170m)",Eastern Himalayan Alpine,2631,45,63,39,8,104.8,565.6,94.8,16.0,89,899,2,0.0,96,1,Rockfall,72,211,Caution
REC-01124,2025-06-29 21:49:00,Manipur,Imphal West (Imphal),NH-102,Imphal - Thoubal - Moreh Trans-Asian Highway,Manipur Central Valley,724,9,72,49,3,75.8,243.5,74.9,29.1,98,7657,18,0.0,201,0,Clear,41,14,Open
REC-01125,2025-04-03 11:16:00,Arunachal Pradesh,Papum Pare (Itanagar),NH-415,Holongi - Itanagar - Naharlagun Arterial,Sub-Himalayan Foothills,352,17,61,51,5,55.7,175.0,59.6,23.4,69,4819,18,0.0,34,0,Clear,42,3,Open
REC-01126,2026-07-27 16:55:00,Sikkim,Gangtok & Mangan,NH-10,Rangpo Border - 29th Mile Teesta Gorge - Gangtok,Teesta River Canyon Chokepoint,1526,45,52,10,10,98.0,517.7,74.6,21.1,93,9445,7,0.0,124,1,Rockfall,72,208,Caution
REC-01127,2026-09-06 02:21:00,Meghalaya,East Jaintia Hills (Sonapur),NH-6,Sonapur Tunnel - Lukha River Gorge Lifeline,Severe Mudslide Karst Chokepoint,905,46,44,18,10,171.6,827.8,82.2,25.3,90,5688,29,0.0,152,1,Flash Flood,75,679,Blocked
REC-01128,2026-07-10 05:25:00,Assam,Dima Hasao (Haflong),NH-27,Haflong Hill Section - Jatinga Valley,Rugged Mountain Range,854,36,57,32,9,54.4,160.5,94.2,27.1,99,9427,2,0.0,203,0,Clear,53,10,Open
REC-01129,2026-07-23 20:17:00,Arunachal Pradesh,Tawang & West Kameng,NH-13,"Bhalukpong - Bomdila - Sela Pass (4,170m)",Eastern Himalayan Alpine,2905,43,58,39,8,104.8,262.7,87.5,8.0,99,7105,17,0.0,91,0,Rockfall,67,219,Open
REC-01130,2026-07-12 01:40:00,Meghalaya,East Khasi Hills (Shillong),NH-6,Umiam - Mawlai - Shillong Peak Bypass,Highland Plateau,1614,40,72,54,6,70.0,334.1,92.2,21.3,99,6142,20,0.0,55,1,Rockfall,57,184,Caution
REC-01131,2025-06-23 05:00:00,Assam,Kamrup Metropolitan (Guwahati),NH-27,Guwahati - Saraighat - Rangia Corridor,Valley River Basin,51,5,84,66,2,61.6,276.3,73.7,29.6,84,7481,5,0.0,74,0,Clear,36,8,Open
REC-01132,2026-05-20 22:03:00,Sikkim,Pakyong (Airport Corridor),NH-717A,Rorathang - Pakyong Multi-Modal Link,Hill Slope Terraces,1591,35,62,37,7,27.5,59.1,41.9,15.0,86,2978,21,0.0,159,0,Clear,36,13,Open
REC-01133,2026-08-27 02:44:00,Manipur,Noney & Tamenglong,NH-37,Noney Tupul - Makru Bridge Mountain Link,Steep Hillside Chokepoint,937,50,56,37,9,17.6,63.4,79.8,25.0,99,5256,23,0.0,11,0,Clear,37,7,Open
REC-01134,2026-01-09 22:25:00,Nagaland,Kohima & Dimapur,NH-29,Dimapur Bypass - Pagla Pahar - Kohima Ridge,Active Tectonic Sinking Zone,1423,43,48,26,9,0.0,0.0,20.0,9.4,63,9466,5,0.0,163,0,Clear,23,5,Open
REC-01135,2025-05-22 08:11:00,Meghalaya,East Jaintia Hills (Sonapur),NH-6,Sonapur Tunnel - Lukha River Gorge Lifeline,Severe Mudslide Karst Chokepoint,806,50,42,22,10,30.3,80.2,53.2,23.4,76,1990,14,0.0,193,0,Clear,48,11,Open
REC-01136,2025-09-06 18:58:00,Nagaland,Mokokchung,NH-702,Amguri - Tuli - Mokokchung Industrial Corridor,Hilly Ridge Crest,1418,23,58,44,5,58.6,275.5,64.4,21.9,88,7350,5,0.0,96,0,Clear,45,3,Open
REC-01137,2025-12-17 16:11:00,Manipur,Imphal West (Imphal),NH-102,Imphal - Thoubal - Moreh Trans-Asian Highway,Manipur Central Valley,715,16,70,51,3,9.8,17.7,33.5,14.3,72,9448,13,0.0,5,0,Clear,17,2,Open
REC-01138,2026-01-30 01:41:00,Mizoram,Aizawl & Kolasib,NH-306,Vairengte Gateway - Hunthar Slope - Aizawl,North-South Structural Ridge,1110,31,61,38,8,0.0,0.0,35.1,8.0,61,1903,20,0.0,106,0,Clear,24,2,Open
REC-01139,2026-02-02 03:01:00,Arunachal Pradesh,Papum Pare (Itanagar),NH-415,Holongi - Itanagar - Naharlagun Arterial,Sub-Himalayan Foothills,349,21,77,52,5,5.6,8.4,57.9,15.4,64,9649,7,0.0,141,0,Clear,21,9,Open
REC-01140,2026-03-04 19:45:00,Assam,Kamrup Metropolitan (Guwahati),NH-27,Guwahati - Saraighat - Rangia Corridor,Valley River Basin,58,8,89,74,2,0.0,0.0,21.6,20.9,59,8737,22,0.0,117,0,Clear,5,4,Open
REC-01141,2026-04-14 12:34:00,Assam,Cachar (Silchar),NH-37 / NH-6,Silchar - Badarpur - Kalain Pass,Barak Valley Floodplain,32,16,70,43,4,12.5,24.8,77.0,29.2,72,7501,14,0.0,42,0,Clear,25,9,Open
REC-01142,2026-02-12 07:50:00,Assam,Kamrup Metropolitan (Guwahati),NH-27,Guwahati - Saraighat - Rangia Corridor,Valley River Basin,55,9,83,66,2,0.0,0.0,39.3,18.9,59,143,25,0.0,185,1,Minor Slump & Slippage,13,52,Caution
REC-01143,2025-11-18 13:05:00,Assam,Cachar (Silchar),NH-37 / NH-6,Silchar - Badarpur - Kalain Pass,Barak Valley Floodplain,33,4,70,50,4,0.0,0.0,36.3,17.7,58,4048,3,0.0,143,0,Clear,16,9,Open
REC-01144,2026-01-07 14:18:00,Mizoram,Aizawl & Kolasib,NH-306,Vairengte Gateway - Hunthar Slope - Aizawl,North-South Structural Ridge,917,39,69,43,8,0.0,0.0,33.6,10.9,67,4494,16,0.0,264,0,Clear,28,13,Open
REC-01145,2025-06-18 19:04:00,Mizoram,Lunglei,NH-54,Thenzawl - Lunglei Southern Lifeline,Rugged Mountain Escarpment,1044,35,61,39,6,79.4,431.3,68.3,25.0,82,4714,18,0.0,111,0,Severe Waterlogging,53,63,Open
REC-01146,2026-09-04 00:22:00,Nagaland,Kohima & Dimapur,NH-29,Dimapur Bypass - Pagla Pahar - Kohima Ridge,Active Tectonic Sinking Zone,1480,36,53,39,9,145.3,514.2,81.2,23.4,75,7229,8,0.0,120,1,Flash Flood,75,491,Blocked
REC-01147,2025-04-03 01:18:00,Tripura,West Tripura (Agartala),NH-8,Churaibari Gate - Teliamura - Agartala Arterial,Tripura Plain / Low Hillocks,15,11,74,66,3,43.7,129.4,60.8,25.1,82,5326,39,0.0,101,0,Clear,30,0,Open
REC-01148,2026-04-27 12:49:00,Arunachal Pradesh,Papum Pare (Itanagar),NH-415,Holongi - Itanagar - Naharlagun Arterial,Sub-Himalayan Foothills,321,27,64,54,5,33.3,67.4,82.6,25.3,64,5366,4,0.0,115,0,Clear,38,4,Open
REC-01149,2026-02-24 05:38:00,Nagaland,Mokokchung,NH-702,Amguri - Tuli - Mokokchung Industrial Corridor,Hilly Ridge Crest,1192,30,67,49,5,0.0,0.0,41.6,12.9,49,6412,4,0.0,133,0,Clear,31,9,Open
REC-01150,2025-04-22 16:58:00,Manipur,Noney & Tamenglong,NH-37,Noney Tupul - Makru Bridge Mountain Link,Steep Hillside Chokepoint,989,40,48,37,9,16.7,48.0,59.8,16.2,68,8712,16,0.0,119,0,Clear,36,9,Open
REC-01151,2025-06-20 02:12:00,Manipur,Imphal West (Imphal),NH-102,Imphal - Thoubal - Moreh Trans-Asian Highway,Manipur Central Valley,765,15,72,51,3,28.6,129.9,97.4,23.9,80,9989,11,3.0,88,0,Clear,41,12,Open
REC-01152,2026-01-28 14:51:00,Assam,Cachar (Silchar),NH-37 / NH-6,Silchar - Badarpur - Kalain Pass,Barak Valley Floodplain,32,9,70,45,4,0.0,0.0,40.2,20.6,63,222,14,0.0,27,1,Minor Slump & Slippage,9,73,Caution
REC-01153,2025-10-19 02:28:00,Meghalaya,East Jaintia Hills (Sonapur),NH-6,Sonapur Tunnel - Lukha River Gorge Lifeline,Severe Mudslide Karst Chokepoint,786,45,41,24,10,0.0,0.0,34.5,10.6,32,8761,10,0.0,151,0,Clear,35,12,Open
REC-01154,2026-04-08 07:00:00,Assam,Kamrup Metropolitan (Guwahati),NH-27,Guwahati - Saraighat - Rangia Corridor,Valley River Basin,57,2,85,75,2,40.9,116.0,71.3,25.9,69,8146,31,0.0,124,0,Clear,27,12,Open
REC-01155,2025-12-01 13:53:00,Nagaland,Mokokchung,NH-702,Amguri - Tuli - Mokokchung Industrial Corridor,Hilly Ridge Crest,1295,25,62,50,5,0.2,0.3,37.4,8.1,58,179,12,0.0,115,0,Clear,24,0,Open
REC-01156,2025-08-25 11:08:00,Assam,Kamrup Metropolitan (Guwahati),NH-27,Guwahati - Saraighat - Rangia Corridor,Valley River Basin,58,17,83,69,2,135.1,347.2,81.5,31.8,92,6807,3,0.0,186,0,Severe Waterlogging,59,155,Open
REC-01157,2025-08-15 14:22:00,Assam,Cachar (Silchar),NH-37 / NH-6,Silchar - Badarpur - Kalain Pass,Barak Valley Floodplain,33,11,63,38,4,159.8,847.5,69.9,35.3,84,3045,20,0.0,133,0,Severe Waterlogging,62,49,Open
REC-01158,2026-05-04 11:40:00,Meghalaya,East Khasi Hills (Shillong),NH-6,Umiam - Mawlai - Shillong Peak Bypass,Highland Plateau,1641,26,69,47,6,17.0,38.9,67.5,13.3,95,3550,18,0.0,106,0,Clear,31,10,Open
REC-01159,2026-04-25 00:15:00,Sikkim,Gangtok & Mangan,NH-10,Rangpo Border - 29th Mile Teesta Gorge - Gangtok,Teesta River Canyon Chokepoint,1554,46,45,24,10,50.1,147.1,57.1,17.2,77,5655,3,0.0,147,0,Clear,53,2,Open
REC-01160,2026-08-30 11:01:00,Nagaland,Kohima & Dimapur,NH-29,Dimapur Bypass - Pagla Pahar - Kohima Ridge,Active Tectonic Sinking Zone,1520,41,48,34,9,95.8,259.9,96.5,21.2,84,7733,2,0.0,172,0,Rockfall,69,93,Open
REC-01161,2025-12-18 09:04:00,Arunachal Pradesh,Tawang & West Kameng,NH-13,"Bhalukpong - Bomdila - Sela Pass (4,170m)",Eastern Himalayan Alpine,2912,47,65,39,8,3.0,3.9,31.9,-1.0,53,6040,8,0.0,187,0,Clear,33,3,Open
REC-01162,2026-09-20 20:36:00,Assam,Dima Hasao (Haflong),NH-27,Haflong Hill Section - Jatinga Valley,Rugged Mountain Range,1076,34,61,32,9,17.9,84.7,79.9,23.7,84,7162,21,0.0,69,0,Clear,41,14,Open
REC-01163,2026-10-13 00:23:00,Nagaland,Mokokchung,NH-702,Amguri - Tuli - Mokokchung Industrial Corridor,Hilly Ridge Crest,1397,27,54,53,5,0.0,0.0,49.8,6.1,58,8566,15,0.0,95,0,Clear,26,0,Open
REC-01164,2026-06-17 15:15:00,Nagaland,Kohima & Dimapur,NH-29,Dimapur Bypass - Pagla Pahar - Kohima Ridge,Active Tectonic Sinking Zone,1395,34,61,28,9,82.0,258.4,85.3,23.8,84,4246,25,0.0,151,1,Severe Waterlogging,60,127,Caution
REC-01165,2025-09-15 12:59:00,Manipur,Imphal West (Imphal),NH-102,Imphal - Thoubal - Moreh Trans-Asian Highway,Manipur Central Valley,715,13,67,45,3,103.6,375.9,57.7,30.0,95,4679,4,0.0,54,0,Clear,50,5,Open
REC-01166,2025-07-06 08:44:00,Assam,Kamrup Metropolitan (Guwahati),NH-27,Guwahati - Saraighat - Rangia Corridor,Valley River Basin,56,15,79,65,2,83.9,459.3,94.7,29.6,92,4280,13,0.0,97,0,Clear,50,0,Open
REC-01167,2026-03-06 10:55:00,Tripura,West Tripura (Agartala),NH-8,Churaibari Gate - Teliamura - Agartala Arterial,Tripura Plain / Low Hillocks,16,7,87,59,3,6.2,10.5,41.9,14.4,63,1937,18,0.0,149,0,Clear,14,9,Open
REC-01168,2025-11-05 21:09:00,Manipur,Imphal West (Imphal),NH-102,Imphal - Thoubal - Moreh Trans-Asian Highway,Manipur Central Valley,833,17,72,42,3,4.7,9.4,34.1,10.9,48,2035,15,0.0,106,0,Clear,17,9,Open
REC-01169,2025-04-29 14:00:00,Tripura,West Tripura (Agartala),NH-8,Churaibari Gate - Teliamura - Agartala Arterial,Tripura Plain / Low Hillocks,15,7,79,65,3,31.3,66.8,73.7,29.1,75,5784,18,0.0,157,0,Clear,24,4,Open
REC-01170,2026-01-02 00:43:00,Tripura,West Tripura (Agartala),NH-8,Churaibari Gate - Teliamura - Agartala Arterial,Tripura Plain / Low Hillocks,15,12,86,65,3,0.0,0.0,19.4,20.3,57,185,27,0.0,68,1,Minor Slump & Slippage,11,72,Caution
REC-01171,2026-05-19 08:26:00,Nagaland,Kohima & Dimapur,NH-29,Dimapur Bypass - Pagla Pahar - Kohima Ridge,Active Tectonic Sinking Zone,1391,44,45,25,9,50.5,142.4,56.7,16.0,84,4364,12,0.0,95,0,Clear,50,8,Open
REC-01172,2025-12-20 19:58:00,Assam,Dima Hasao (Haflong),NH-27,Haflong Hill Section - Jatinga Valley,Rugged Mountain Range,933,41,54,40,9,0.0,0.0,23.2,14.2,46,4200,5,0.0,14,0,Clear,31,7,Open
REC-01173,2026-04-26 03:08:00,Manipur,Noney & Tamenglong,NH-37,Noney Tupul - Makru Bridge Mountain Link,Steep Hillside Chokepoint,941,38,50,30,9,57.1,149.6,74.1,16.9,85,2509,10,0.0,163,0,Clear,50,14,Open
REC-01174,2025-09-15 04:58:00,Sikkim,Gangtok & Mangan,NH-10,Rangpo Border - 29th Mile Teesta Gorge - Gangtok,Teesta River Canyon Chokepoint,1919,45,47,11,10,37.8,116.4,71.7,18.1,82,3447,28,0.0,98,0,Clear,49,4,Open
REC-01175,2025-10-27 14:33:00,Meghalaya,East Jaintia Hills (Sonapur),NH-6,Sonapur Tunnel - Lukha River Gorge Lifeline,Severe Mudslide Karst Chokepoint,948,47,40,32,10,0.0,0.0,48.7,11.2,61,2062,15,0.0,149,0,Clear,36,9,Open
REC-01176,2026-10-02 08:25:00,Sikkim,Pakyong (Airport Corridor),NH-717A,Rorathang - Pakyong Multi-Modal Link,Hill Slope Terraces,1174,32,61,32,7,3.8,5.8,29.6,11.7,39,4755,25,0.0,193,0,Clear,26,3,Open
REC-01177,2026-10-09 01:36:00,Assam,Cachar (Silchar),NH-37 / NH-6,Silchar - Badarpur - Kalain Pass,Barak Valley Floodplain,37,14,78,50,4,0.0,0.0,31.0,21.1,59,9099,6,0.0,107,0,Clear,11,10,Open
REC-01178,2026-04-03 15:22:00,Mizoram,Lunglei,NH-54,Thenzawl - Lunglei Southern Lifeline,Rugged Mountain Escarpment,1226,38,54,44,6,77.6,167.4,82.9,19.0,70,6330,2,0.0,105,1,Rockfall,54,125,Caution
REC-01179,2025-07-19 04:11:00,Mizoram,Lunglei,NH-54,Thenzawl - Lunglei Southern Lifeline,Rugged Mountain Escarpment,1238,28,52,39,6,71.1,368.0,87.0,21.9,83,3154,15,0.0,140,1,Severe Waterlogging,59,176,Caution
REC-01180,2026-02-20 15:55:00,Manipur,Imphal West (Imphal),NH-102,Imphal - Thoubal - Moreh Trans-Asian Highway,Manipur Central Valley,825,11,69,51,3,0.2,0.2,35.2,14.0,62,4276,12,0.0,88,0,Clear,11,1,Open
REC-01181,2025-05-02 19:49:00,Manipur,Imphal West (Imphal),NH-102,Imphal - Thoubal - Moreh Trans-Asian Highway,Manipur Central Valley,777,14,61,58,3,53.9,113.1,42.2,17.4,71,8592,2,0.0,51,0,Clear,31,4,Open
REC-01182,2025-07-22 06:23:00,Manipur,Noney & Tamenglong,NH-37,Noney Tupul - Makru Bridge Mountain Link,Steep Hillside Chokepoint,970,43,50,30,9,91.9,337.1,81.8,26.9,89,6987,26,0.0,5,1,Rockfall,67,223,Caution
REC-01183,2025-12-14 21:01:00,Manipur,Imphal West (Imphal),NH-102,Imphal - Thoubal - Moreh Trans-Asian Highway,Manipur Central Valley,899,22,71,42,3,0.0,0.0,26.2,16.1,44,4911,14,0.0,56,0,Clear,16,2,Open
REC-01184,2026-09-26 19:48:00,Nagaland,Kohima & Dimapur,NH-29,Dimapur Bypass - Pagla Pahar - Kohima Ridge,Active Tectonic Sinking Zone,1349,41,53,25,9,99.8,432.3,91.3,22.0,94,4525,24,0.0,176,1,Rockfall,67,89,Caution
REC-01185,2025-06-08 16:57:00,Mizoram,Aizawl & Kolasib,NH-306,Vairengte Gateway - Hunthar Slope - Aizawl,North-South Structural Ridge,1079,35,65,44,8,80.2,302.8,79.6,28.0,99,2915,14,0.0,83,1,Severe Waterlogging,55,115,Caution
REC-01186,2026-06-05 05:15:00,Meghalaya,East Khasi Hills (Shillong),NH-6,Umiam - Mawlai - Shillong Peak Bypass,Highland Plateau,1610,28,73,53,6,45.8,247.9,76.4,24.0,76,5386,18,0.0,174,0,Clear,47,0,Open
REC-01187,2026-05-18 05:53:00,Nagaland,Mokokchung,NH-702,Amguri - Tuli - Mokokchung Industrial Corridor,Hilly Ridge Crest,1282,24,64,47,5,3.0,7.9,48.2,20.7,57,2279,12,0.0,69,0,Clear,25,11,Open
REC-01188,2026-02-14 13:39:00,Mizoram,Lunglei,NH-54,Thenzawl - Lunglei Southern Lifeline,Rugged Mountain Escarpment,1231,38,60,35,6,0.0,0.0,56.0,12.2,43,199,23,0.0,5,1,Minor Slump & Slippage,28,66,Caution
REC-01189,2025-05-07 22:52:00,Assam,Cachar (Silchar),NH-37 / NH-6,Silchar - Badarpur - Kalain Pass,Barak Valley Floodplain,39,6,67,51,4,45.0,100.9,30.0,24.8,68,1711,9,0.0,53,0,Clear,23,14,Open
REC-01190,2026-08-22 10:20:00,Sikkim,Gangtok & Mangan,NH-10,Rangpo Border - 29th Mile Teesta Gorge - Gangtok,Teesta River Canyon Chokepoint,1769,46,44,20,10,48.5,150.7,52.4,20.0,84,8212,12,0.0,98,0,Clear,49,1,Open
REC-01191,2026-04-14 16:38:00,Mizoram,Aizawl & Kolasib,NH-306,Vairengte Gateway - Hunthar Slope - Aizawl,North-South Structural Ridge,1076,35,60,43,8,27.7,56.4,39.0,22.0,75,7534,14,0.0,132,0,Clear,37,12,Open
REC-01192,2025-10-02 03:59:00,Meghalaya,East Khasi Hills (Shillong),NH-6,Umiam - Mawlai - Shillong Peak Bypass,Highland Plateau,1566,31,73,43,6,0.0,0.0,38.5,4.7,78,9759,28,0.0,200,0,Clear,27,3,Open
REC-01193,2025-04-28 20:52:00,Meghalaya,East Jaintia Hills (Sonapur),NH-6,Sonapur Tunnel - Lukha River Gorge Lifeline,Severe Mudslide Karst Chokepoint,902,37,42,33,10,0.0,0.0,72.8,21.4,65,8249,14,0.0,139,0,Clear,36,7,Open
REC-01194,2026-01-07 22:32:00,Manipur,Imphal West (Imphal),NH-102,Imphal - Thoubal - Moreh Trans-Asian Highway,Manipur Central Valley,767,14,59,49,3,0.0,0.0,27.8,12.8,41,8841,11,0.0,58,0,Clear,13,7,Open
REC-01195,2026-03-13 11:44:00,Arunachal Pradesh,Papum Pare (Itanagar),NH-415,Holongi - Itanagar - Naharlagun Arterial,Sub-Himalayan Foothills,324,16,72,56,5,0.0,0.0,19.7,13.1,61,2440,2,0.0,110,0,Clear,12,1,Open
REC-01196,2025-08-09 20:05:00,Nagaland,Kohima & Dimapur,NH-29,Dimapur Bypass - Pagla Pahar - Kohima Ridge,Active Tectonic Sinking Zone,1305,39,53,33,9,3.3,14.9,79.8,21.6,87,1532,5,0.0,277,0,Clear,44,1,Open
REC-01197,2025-09-04 07:41:00,Meghalaya,East Khasi Hills (Shillong),NH-6,Umiam - Mawlai - Shillong Peak Bypass,Highland Plateau,1396,31,65,43,6,101.8,496.8,85.9,21.1,83,9546,25,0.0,116,1,Severe Waterlogging,66,58,Caution
REC-01198,2025-11-24 20:19:00,Meghalaya,East Jaintia Hills (Sonapur),NH-6,Sonapur Tunnel - Lukha River Gorge Lifeline,Severe Mudslide Karst Chokepoint,873,58,53,29,10,0.0,0.0,27.5,10.5,66,4599,10,0.0,15,0,Clear,34,2,Open
REC-01199,2025-11-10 04:39:00,Sikkim,Gangtok & Mangan,NH-10,Rangpo Border - 29th Mile Teesta Gorge - Gangtok,Teesta River Canyon Chokepoint,1733,47,45,17,10,0.0,0.0,20.3,9.0,55,3424,11,0.0,110,0,Clear,33,12,Open
REC-01200,2025-05-09 04:36:00,Arunachal Pradesh,Papum Pare (Itanagar),NH-415,Holongi - Itanagar - Naharlagun Arterial,Sub-Himalayan Foothills,299,27,68,54,5,35.8,82.9,48.2,28.0,69,4513,15,0.0,143,0,Clear,29,7,Open
REC-01201,2026-05-04 00:29:00,Sikkim,Gangtok & Mangan,NH-10,Rangpo Border - 29th Mile Teesta Gorge - Gangtok,Teesta River Canyon Chokepoint,1768,44,41,17,10,58.6,180.2,51.8,11.4,92,6458,22,0.0,52,0,Clear,47,15,Open
REC-01202,2025-07-27 13:04:00,Manipur,Noney & Tamenglong,NH-37,Noney Tupul - Makru Bridge Mountain Link,Steep Hillside Chokepoint,961,39,49,33,9,26.9,143.8,85.2,23.6,90,9840,27,0.0,169,0,Clear,48,15,Open
REC-01203,2025-05-30 22:37:00,Nagaland,Mokokchung,NH-702,Amguri - Tuli - Mokokchung Industrial Corridor,Hilly Ridge Crest,1357,24,62,54,5,0.0,0.0,38.7,17.1,64,2854,9,0.0,99,0,Clear,23,0,Open
REC-01204,2026-06-09 20:22:00,Meghalaya,East Jaintia Hills (Sonapur),NH-6,Sonapur Tunnel - Lukha River Gorge Lifeline,Severe Mudslide Karst Chokepoint,834,48,29,24,10,138.4,584.8,78.8,25.4,83,3890,6,0.0,153,1,Mudflow,74,301,Blocked
REC-01205,2026-02-15 23:25:00,Meghalaya,East Jaintia Hills (Sonapur),NH-6,Sonapur Tunnel - Lukha River Gorge Lifeline,Severe Mudslide Karst Chokepoint,741,53,40,20,10,0.0,0.0,47.7,16.8,65,2897,22,0.0,189,0,Clear,47,14,Open
REC-01206,2025-11-13 13:31:00,Sikkim,Gangtok & Mangan,NH-10,Rangpo Border - 29th Mile Teesta Gorge - Gangtok,Teesta River Canyon Chokepoint,1796,47,45,17,10,0.0,0.0,48.1,4.9,74,5323,15,0.0,92,0,Clear,37,14,Open
REC-01207,2026-05-10 11:27:00,Mizoram,Aizawl & Kolasib,NH-306,Vairengte Gateway - Hunthar Slope - Aizawl,North-South Structural Ridge,1149,34,60,40,8,2.1,6.4,77.4,16.4,88,2901,20,0.0,192,0,Clear,29,12,Open
REC-01208,2026-03-31 18:48:00,Mizoram,Lunglei,NH-54,Thenzawl - Lunglei Southern Lifeline,Rugged Mountain Escarpment,1253,30,57,40,6,0.7,1.2,20.4,11.5,72,9771,15,0.0,217,0,Clear,23,6,Open
REC-01209,2026-01-21 21:16:00,Manipur,Noney & Tamenglong,NH-37,Noney Tupul - Makru Bridge Mountain Link,Steep Hillside Chokepoint,880,40,48,37,9,0.0,0.0,42.8,11.0,66,4624,26,5.2,104,1,Landslide,38,426,Blocked
REC-01210,2025-10-20 04:22:00,Mizoram,Aizawl & Kolasib,NH-306,Vairengte Gateway - Hunthar Slope - Aizawl,North-South Structural Ridge,1065,34,53,35,8,1.0,1.8,23.4,15.8,58,932,20,0.0,77,0,Clear,28,13,Open
REC-01211,2026-09-09 06:03:00,Meghalaya,East Khasi Hills (Shillong),NH-6,Umiam - Mawlai - Shillong Peak Bypass,Highland Plateau,1596,21,73,53,6,39.1,156.6,64.9,20.2,99,2205,9,0.0,193,0,Clear,33,5,Open
REC-01212,2025-04-16 15:51:00,Meghalaya,East Khasi Hills (Shillong),NH-6,Umiam - Mawlai - Shillong Peak Bypass,Highland Plateau,1431,29,70,50,6,37.6,96.6,53.5,14.1,70,2911,12,0.0,101,0,Clear,32,0,Open
REC-01213,2026-06-13 18:42:00,Meghalaya,East Jaintia Hills (Sonapur),NH-6,Sonapur Tunnel - Lukha River Gorge Lifeline,Severe Mudslide Karst Chokepoint,930,47,46,20,10,97.9,456.7,99.0,24.4,83,7423,19,5.3,127,1,Mudflow,80,319,Blocked
REC-01214,2025-08-20 05:18:00,Mizoram,Lunglei,NH-54,Thenzawl - Lunglei Southern Lifeline,Rugged Mountain Escarpment,1320,34,66,40,6,0.0,0.0,96.5,25.5,95,4995,15,0.0,91,0,Clear,37,13,Open
REC-01215,2025-10-28 23:33:00,Manipur,Imphal West (Imphal),NH-102,Imphal - Thoubal - Moreh Trans-Asian Highway,Manipur Central Valley,805,24,75,50,3,0.5,0.6,64.9,15.3,63,1573,22,0.0,129,0,Clear,21,1,Open
REC-01216,2025-07-26 06:16:00,Assam,Dima Hasao (Haflong),NH-27,Haflong Hill Section - Jatinga Valley,Rugged Mountain Range,1062,34,64,34,9,34.9,147.5,80.5,27.4,92,2712,15,0.0,86,0,Clear,44,4,Open
REC-01217,2026-02-06 05:32:00,Arunachal Pradesh,Papum Pare (Itanagar),NH-415,Holongi - Itanagar - Naharlagun Arterial,Sub-Himalayan Foothills,346,24,73,63,5,0.0,0.0,39.3,14.3,51,9188,9,0.0,136,0,Clear,23,14,Open
REC-01218,2025-12-05 08:42:00,Tripura,West Tripura (Agartala),NH-8,Churaibari Gate - Teliamura - Agartala Arterial,Tripura Plain / Low Hillocks,16,11,76,64,3,0.0,0.0,32.7,15.8,44,2309,11,0.0,152,0,Clear,10,8,Open
REC-01219,2026-05-05 05:23:00,Tripura,West Tripura (Agartala),NH-8,Churaibari Gate - Teliamura - Agartala Arterial,Tripura Plain / Low Hillocks,15,7,75,63,3,67.1,194.8,72.5,25.3,61,6853,19,0.0,54,0,Clear,37,14,Open
REC-01220,2026-05-09 13:46:00,Manipur,Noney & Tamenglong,NH-37,Noney Tupul - Makru Bridge Mountain Link,Steep Hillside Chokepoint,921,43,60,33,9,17.5,36.6,70.0,19.4,55,9834,24,0.0,55,0,Clear,41,4,Open
REC-01221,2025-07-15 10:30:00,Mizoram,Aizawl & Kolasib,NH-306,Vairengte Gateway - Hunthar Slope - Aizawl,North-South Structural Ridge,1101,32,56,45,8,20.4,56.0,69.4,26.0,75,4479,24,0.0,140,0,Clear,39,13,Open
REC-01222,2025-04-27 13:50:00,Manipur,Imphal West (Imphal),NH-102,Imphal - Thoubal - Moreh Trans-Asian Highway,Manipur Central Valley,752,14,62,54,3,57.6,115.5,74.4,24.5,57,9751,14,0.0,96,0,Clear,33,6,Open
REC-01223,2025-06-30 00:15:00,Sikkim,Pakyong (Airport Corridor),NH-717A,Rorathang - Pakyong Multi-Modal Link,Hill Slope Terraces,1261,38,69,46,7,65.0,167.0,85.9,26.2,79,866,27,0.0,107,1,Rockfall,45,64,Caution
REC-01224,2026-05-01 23:17:00,Meghalaya,East Jaintia Hills (Sonapur),NH-6,Sonapur Tunnel - Lukha River Gorge Lifeline,Severe Mudslide Karst Chokepoint,880,50,50,29,10,13.8,43.8,56.6,24.3,83,8042,8,0.0,152,0,Clear,43,9,Open
REC-01225,2026-05-21 06:58:00,Nagaland,Kohima & Dimapur,NH-29,Dimapur Bypass - Pagla Pahar - Kohima Ridge,Active Tectonic Sinking Zone,1442,34,43,29,9,11.9,35.0,46.4,17.9,64,5724,3,3.6,56,0,Clear,32,3,Open
REC-01226,2026-05-29 22:58:00,Arunachal Pradesh,Tawang & West Kameng,NH-13,"Bhalukpong - Bomdila - Sela Pass (4,170m)",Eastern Himalayan Alpine,2864,43,60,52,8,9.6,23.5,68.3,5.1,62,9822,15,0.0,172,0,Clear,40,0,Open
REC-01227,2026-05-16 22:15:00,Meghalaya,East Khasi Hills (Shillong),NH-6,Umiam - Mawlai - Shillong Peak Bypass,Highland Plateau,1528,30,66,47,6,39.5,102.5,57.2,16.4,87,5254,20,0.0,174,0,Clear,38,8,Open
REC-01228,2026-01-14 01:52:00,Meghalaya,East Khasi Hills (Shillong),NH-6,Umiam - Mawlai - Shillong Peak Bypass,Highland Plateau,1759,29,81,52,6,0.0,0.0,33.5,4.8,74,104,14,0.0,171,1,Minor Slump & Slippage,21,72,Caution
REC-01229,2025-04-26 01:54:00,Assam,Dima Hasao (Haflong),NH-27,Haflong Hill Section - Jatinga Valley,Rugged Mountain Range,936,30,57,47,9,4.8,9.7,89.7,18.0,77,7632,21,0.0,92,0,Clear,39,7,Open
REC-01230,2025-08-26 03:54:00,Mizoram,Aizawl & Kolasib,NH-306,Vairengte Gateway - Hunthar Slope - Aizawl,North-South Structural Ridge,1202,34,57,42,8,22.1,106.3,81.0,24.1,99,1781,18,0.0,140,0,Clear,38,3,Open
REC-01231,2025-07-12 06:58:00,Tripura,West Tripura (Agartala),NH-8,Churaibari Gate - Teliamura - Agartala Arterial,Tripura Plain / Low Hillocks,15,15,75,56,3,49.9,173.2,81.1,29.0,72,2700,15,0.0,150,0,Clear,36,4,Open
REC-01232,2026-07-20 21:55:00,Mizoram,Aizawl & Kolasib,NH-306,Vairengte Gateway - Hunthar Slope - Aizawl,North-South Structural Ridge,1144,34,69,34,8,58.3,146.5,93.9,25.7,86,9542,16,0.0,84,0,Clear,47,2,Open
REC-01233,2026-06-21 15:54:00,Arunachal Pradesh,Papum Pare (Itanagar),NH-415,Holongi - Itanagar - Naharlagun Arterial,Sub-Himalayan Foothills,335,24,68,62,5,12.8,43.3,81.3,34.2,78,2105,25,0.0,139,0,Clear,27,9,Open
REC-01234,2025-12-12 20:09:00,Arunachal Pradesh,Tawang & West Kameng,NH-13,"Bhalukpong - Bomdila - Sela Pass (4,170m)",Eastern Himalayan Alpine,2950,43,53,41,8,1.1,1.2,47.0,0.8,53,7899,19,4.1,111,0,Clear,41,15,Open
REC-01235,2025-06-16 00:08:00,Mizoram,Aizawl & Kolasib,NH-306,Vairengte Gateway - Hunthar Slope - Aizawl,North-South Structural Ridge,1262,38,56,35,8,64.7,284.6,78.7,20.9,99,5320,8,0.0,168,1,Rockfall,58,213,Caution
REC-01236,2025-05-30 00:23:00,Manipur,Imphal West (Imphal),NH-102,Imphal - Thoubal - Moreh Trans-Asian Highway,Manipur Central Valley,844,22,80,59,3,84.9,236.1,88.2,18.4,64,4211,4,0.0,197,0,Clear,43,14,Open
REC-01237,2026-05-05 12:08:00,Meghalaya,East Jaintia Hills (Sonapur),NH-6,Sonapur Tunnel - Lukha River Gorge Lifeline,Severe Mudslide Karst Chokepoint,881,56,47,24,10,37.8,108.3,50.7,16.6,80,2159,15,0.0,255,0,Clear,51,12,Open
REC-01238,2025-10-02 08:02:00,Sikkim,Gangtok & Mangan,NH-10,Rangpo Border - 29th Mile Teesta Gorge - Gangtok,Teesta River Canyon Chokepoint,1996,50,48,10,10,0.0,0.0,35.8,7.6,49,9671,12,0.0,36,0,Clear,34,4,Open
REC-01239,2025-04-08 15:26:00,Meghalaya,East Jaintia Hills (Sonapur),NH-6,Sonapur Tunnel - Lukha River Gorge Lifeline,Severe Mudslide Karst Chokepoint,991,49,45,29,10,39.5,77.3,75.4,21.1,59,9847,16,0.0,149,0,Clear,50,6,Open
REC-01240,2026-01-30 01:00:00,Nagaland,Kohima & Dimapur,NH-29,Dimapur Bypass - Pagla Pahar - Kohima Ridge,Active Tectonic Sinking Zone,1352,38,53,41,9,0.0,0.0,40.2,8.4,55,2467,8,0.0,5,0,Clear,31,14,Open
REC-01241,2025-09-16 20:33:00,Meghalaya,East Jaintia Hills (Sonapur),NH-6,Sonapur Tunnel - Lukha River Gorge Lifeline,Severe Mudslide Karst Chokepoint,943,46,45,24,10,35.8,153.1,83.1,22.1,87,6688,2,0.0,103,0,Clear,49,0,Open
REC-01242,2026-10-06 00:54:00,Meghalaya,East Jaintia Hills (Sonapur),NH-6,Sonapur Tunnel - Lukha River Gorge Lifeline,Severe Mudslide Karst Chokepoint,939,46,48,24,10,7.5,8.3,30.3,13.9,78,2868,17,0.0,5,0,Clear,34,15,Open
REC-01243,2026-07-10 09:46:00,Sikkim,Gangtok & Mangan,NH-10,Rangpo Border - 29th Mile Teesta Gorge - Gangtok,Teesta River Canyon Chokepoint,1730,44,44,26,10,82.6,215.5,78.5,19.6,96,1169,3,0.0,186,0,Rockfall,66,202,Open
REC-01244,2025-08-28 03:14:00,Meghalaya,East Khasi Hills (Shillong),NH-6,Umiam - Mawlai - Shillong Peak Bypass,Highland Plateau,1259,35,63,50,6,51.6,256.5,66.2,27.6,76,7394,5,0.0,229,0,Clear,46,15,Open
REC-01245,2026-02-08 22:49:00,Nagaland,Kohima & Dimapur,NH-29,Dimapur Bypass - Pagla Pahar - Kohima Ridge,Active Tectonic Sinking Zone,1182,45,51,37,9,4.8,5.7,35.3,9.6,54,5683,12,0.0,166,0,Clear,33,2,Open
REC-01246,2026-05-03 10:26:00,Assam,Cachar (Silchar),NH-37 / NH-6,Silchar - Badarpur - Kalain Pass,Barak Valley Floodplain,39,15,66,41,4,7.3,20.9,62.7,26.8,54,8077,2,0.0,190,0,Clear,23,11,Open
REC-01247,2025-04-21 16:17:00,Manipur,Imphal West (Imphal),NH-102,Imphal - Thoubal - Moreh Trans-Asian Highway,Manipur Central Valley,832,18,63,50,3,19.8,41.0,56.5,19.0,55,8333,17,0.0,5,0,Clear,30,0,Open
REC-01248,2025-10-06 07:47:00,Mizoram,Aizawl & Kolasib,NH-306,Vairengte Gateway - Hunthar Slope - Aizawl,North-South Structural Ridge,1117,40,64,36,8,1.0,1.2,18.0,11.6,53,6223,16,0.0,176,0,Clear,29,10,Open
REC-01249,2026-01-14 18:59:00,Sikkim,Pakyong (Airport Corridor),NH-717A,Rorathang - Pakyong Multi-Modal Link,Hill Slope Terraces,1332,38,64,32,7,0.6,0.9,35.6,17.2,53,208,24,0.0,145,0,Clear,29,0,Open
REC-01250,2026-02-24 20:34:00,Assam,Dima Hasao (Haflong),NH-27,Haflong Hill Section - Jatinga Valley,Rugged Mountain Range,1102,38,56,37,9,0.0,0.0,32.7,8.9,57,2285,9,0.0,160,0,Clear,31,4,Open
